title,authors,author_count,year,publication_date,journal,publisher,type,is_oa,doi,doi_url,pdf_url,openalex_id,pmid,cited_by_count
"Resolution of Respect Eugene “Geno” Wallace Schupp (1952–2026) Seed dispersal ecologist, restoration scientist, mentor","Pedro Jordano, José María Gómez",2,2026,2026-08-25,Bulletin of the Ecological Society of America,Ecological Society of America,article,True,https://doi.org/10.1002/bes2.70097,https://doi.org/10.1002/bes2.70097,https://onlinelibrary.wiley.com/doi/pdfdirect/10.1002/bes2.70097,https://openalex.org/W7204211684,,0
"Mutualistic networks emerge from the interplay of abundance, behaviour and spatial constraints","Blanca Arroyo‐Correa, Ígnasi Bartomeus, Pedro Jordano et al.",5,2026,2026-08-04,Journal of Animal Ecology,Wiley,article,True,https://doi.org/10.1111/1365-2656.70324,https://doi.org/10.1111/1365-2656.70324,https://repositorio.comillas.edu/bitstreams/7308141c-cd06-4469-b723-5ccab91c3aab/download,https://openalex.org/W7172501010,https://pubmed.ncbi.nlm.nih.gov/42552824,0
Reorganization without disruption: How fire‐driven spatiotemporal changes in floral resource landscapes influence plant–bee interaction networks,"Caio S. Ballarin, Elena Quintero, Jorge Isla et al.",5,2026,2026-07-31,Journal of Applied Ecology,Wiley,article,True,https://doi.org/10.1111/1365-2664.70519,https://doi.org/10.1111/1365-2664.70519,https://doi.org/10.1111/1365-2664.70519,https://openalex.org/W7172032044,,0
Optimising daily sampling of plant–bee interaction networks,"Caio S. Ballarin, Jorge Isla, Blanca Arroyo‐Correa et al.",7,2026,2026-07-15,Journal of Animal Ecology,Wiley,article,True,https://doi.org/10.1111/1365-2656.70309,https://doi.org/10.1111/1365-2656.70309,https://doi.org/10.1111/1365-2656.70309,https://openalex.org/W7168349102,https://pubmed.ncbi.nlm.nih.gov/42454659,0
The Ecological Interactome: Understanding Biodiversity Through Patterns of Interactions,Pedro Jordano,1,2026,2026-06-22,Annual Review of Ecology Evolution and Systematics,Annual Reviews,article,False,https://doi.org/10.1146/annurev-ecolsys-102824-110132,https://doi.org/10.1146/annurev-ecolsys-102824-110132,,https://openalex.org/W7165569942,,0
Defaunation reshapes the distribution of biomass of tropical wild mammals,"Iago Ferreiro Arias, Martin Philippe-Lesaffre, Luca Santini et al.",8,2026,2026-06-09,Research Square,,preprint,True,https://doi.org/10.21203/rs.3.rs-9644263/v1,https://doi.org/10.21203/rs.3.rs-9644263/v1,https://doi.org/10.21203/rs.3.rs-9644263/v1,https://openalex.org/W7164051013,,0
Species loss alters the mesoscale structure of mutualistic networks,"M. Florencia Miguel, Pedro Jordano, Laura A. Burkle et al.",5,2026,2026-05-22,Journal of Animal Ecology,Wiley,article,False,https://doi.org/10.1111/1365-2656.70280,https://doi.org/10.1111/1365-2656.70280,,https://openalex.org/W7162190302,https://pubmed.ncbi.nlm.nih.gov/42175561,0
Fire modulates the structural drivers and functioning of individual‐based plant‐pollinator networks,"Larissa Alves-de-Lima, Diego Anjos, Blanca Arroyo‐Correa et al.",6,2026,2026-05-01,Journal of Ecology,Wiley,article,True,https://doi.org/10.1111/1365-2745.70348,https://doi.org/10.1111/1365-2745.70348,https://doi.org/10.1111/1365-2745.70348,https://openalex.org/W7161280795,,0
"The biodiversity of plant–frugivore interactions: types, functions and consequences",Pedro Jordano,1,2026,2026-04-29,Oikos,Wiley,article,True,https://doi.org/10.1002/oik.11991,https://doi.org/10.1002/oik.11991,https://www.biorxiv.org/content/biorxiv/early/2025/11/14/2025.11.14.688423.full.pdf,https://openalex.org/W4416294080,,0
"Data from: The biodiversity of plant-frugivore interactions: types, functions, and consequences",Pedro Jordano,1,2026,2026-04-10,Zenodo (CERN European Organization for Nuclear Research),European Organization for Nuclear Research,other,True,https://doi.org/10.5281/zenodo.19482637,https://doi.org/10.5281/zenodo.19482637,https://doi.org/10.5281/zenodo.19482637,https://openalex.org/W7152961901,,0
Season over plant sex: drivers of leaf damage and plant defence in a dioecious Mediterranean shrub,"Elena Valdés‐Correcher, Gemma Calvo, Cristina Rigueiro et al.",6,2025,2025-09-15,Plant Biology,Wiley,article,True,https://doi.org/10.1111/plb.70115,https://doi.org/10.1111/plb.70115,https://doi.org/10.1111/plb.70115,https://openalex.org/W4414257511,https://pubmed.ncbi.nlm.nih.gov/40954094,1
Bridging the gap between individual specialization and species persistence in mutualistic communities,"Blanca Arroyo‐Correa, Ígnasi Bartomeus, Pedro Jordano et al.",5,2025,2025-08-01,Ecological Monographs,Wiley,article,True,https://doi.org/10.1002/ecm.70031,https://doi.org/10.1002/ecm.70031,https://onlinelibrary.wiley.com/doi/pdfdirect/10.1002/ecm.70031,https://openalex.org/W4414733271,,2
Seed co-occurrence caused by shared frugivores leaves a long-lasting signal in the spatial co-occurrence among plants.,"Antonio J. Perea, Elena Quintero, Jorge Isla et al.",9,2025,2025-07-15,,,preprint,True,https://doi.org/10.22541/au.175259887.75717703/v1,https://doi.org/10.22541/au.175259887.75717703/v1,https://www.authorea.com/doi/pdf/10.22541/au.175259887.75717703,https://openalex.org/W4412431028,,0
A bird song detector for improving bird identification through deep learning: A case study from Doñana,"Alba Márquez‐Rodríguez, Miguel A. Mohedano-Muñoz, Manuel J. Marín‐Jiménez et al.",7,2025,2025-07-02,Ecological Informatics,Elsevier BV,article,True,https://doi.org/10.1016/j.ecoinf.2025.103254,https://doi.org/10.1016/j.ecoinf.2025.103254,https://doi.org/10.1016/j.ecoinf.2025.103254,https://openalex.org/W4411957310,,9
"Spatial occupancy patterns of the nursery pollinator Derelomus chamaeropsis at its host plant, Chamaerops humilis (Arecaceae)","Miguel Moreno, Miguel E. Jácome‐Flores, Pedro Jordano et al.",5,2025,2025-03-30,Journal of Pollination Ecology,Enviroquest Ltd.,article,True,https://doi.org/10.26786/1920-7603(2025)829,https://doi.org/10.26786/1920-7603(2025)829,https://doi.org/10.26786/1920-7603(2025)829,https://openalex.org/W4408972022,,0
A Machine Learning Application to Camera-Traps: Robust Species Interactions Datasets for Analysis of Mutualistic Networks,"Pablo Villalva, Pedro Jordano",2,2025,2025-03-07,bioRxiv (Cold Spring Harbor Laboratory),Cold Spring Harbor Laboratory,preprint,True,https://doi.org/10.1101/2025.03.01.640990,https://doi.org/10.1101/2025.03.01.640990,https://doi.org/10.1101/2025.03.01.640990,https://openalex.org/W4408224672,,3
Downscaling mutualistic networks from species to individuals reveals consistent interaction niches and roles within plant populations,"Elena Quintero, Blanca Arroyo‐Correa, Jorge Isla et al.",5,2025,2025-02-12,Proceedings of the National Academy of Sciences,National Academy of Sciences,article,True,https://doi.org/10.1073/pnas.2402342122,https://doi.org/10.1073/pnas.2402342122,https://www.pnas.org/doi/pdf/10.1073/pnas.2402342122,https://openalex.org/W4407402898,https://pubmed.ncbi.nlm.nih.gov/39937855,15
Fleshy‐Fruit Consumption in Doñana,"Pablo Villalva, Elena Quintero, Jorge Isla et al.",4,2024,2024-11-25,Bulletin of the Ecological Society of America,Ecological Society of America,article,True,https://doi.org/10.1002/bes2.2197,https://doi.org/10.1002/bes2.2197,https://onlinelibrary.wiley.com/doi/pdfdirect/10.1002/bes2.2197,https://openalex.org/W4404683820,,2
Integrating intraspecific variation into population dynamics reveals how interacting species persist in mutualistic communities,"Blanca Arroyo‐Correa, Ígnasi Bartomeus, Pedro Jordano et al.",5,2024,2024-09-17,bioRxiv (Cold Spring Harbor Laboratory),Cold Spring Harbor Laboratory,preprint,True,https://doi.org/10.1101/2024.09.12.612448,https://doi.org/10.1101/2024.09.12.612448,https://doi.org/10.1101/2024.09.12.612448,https://openalex.org/W4402616714,,3
FRUGIVORY CAMTRAP : A dataset of plant–animal interactions recorded with camera traps,"Pablo Villalva, Blanca Arroyo‐Correa, Gemma Calvo et al.",10,2024,2024-09-16,Ecology,Wiley,article,True,https://doi.org/10.1002/ecy.4424,https://doi.org/10.1002/ecy.4424,https://onlinelibrary.wiley.com/doi/pdfdirect/10.1002/ecy.4424,https://openalex.org/W4402568822,https://pubmed.ncbi.nlm.nih.gov/39284796,11
Flowering synchrony modulates pollinator sharing and places plant individuals along a competition–facilitation continuum,"Blanca Arroyo‐Correa, Ígnasi Bartomeus, Pedro Jordano",3,2024,2024-02-27,Oikos,Wiley,article,True,https://doi.org/10.1111/oik.10477,https://doi.org/10.1111/oik.10477,https://onlinelibrary.wiley.com/doi/pdfdirect/10.1111/oik.10477,https://openalex.org/W4392198513,,15
Animal‐mediated seed dispersal and the demo‐genetic configuration across plant colonization gradients,"Jorge Isla, Miguel E. Jácome‐Flores, Cristina Rigueiro et al.",6,2024,2024-02-19,Journal of Ecology,Wiley,article,False,https://doi.org/10.1111/1365-2745.14280,https://doi.org/10.1111/1365-2745.14280,,https://openalex.org/W4391941361,,15
Highly clustered mating networks in naturally fragmented riparian tree populations,"Eva Moracho, Etienne K. Klein, Sylvie Oddou‐Muratorio et al.",5,2024,2024-01-30,Molecular Ecology,Wiley,article,True,https://doi.org/10.1111/mec.17285,https://doi.org/10.1111/mec.17285,https://onlinelibrary.wiley.com/doi/pdfdirect/10.1111/mec.17285,https://openalex.org/W4391353431,https://pubmed.ncbi.nlm.nih.gov/38288563,2
"Author response for ""Animal‐mediated seed dispersal and the demo‐genetic configuration across plant colonization gradients""","Jorge Isla, Miguel E. Jácome‐Flores, Cristina Rigueiro et al.",6,2024,2024-01-22,,,peer-review,False,https://doi.org/10.1111/1365-2745.14280/v2/response1,https://doi.org/10.1111/1365-2745.14280/v2/response1,,https://openalex.org/W4391953338,,0
Lasting effects of avian‐frugivore interactions on seed dispersal and seedling establishment,"Elena Quintero, Juan Arroyo, Rodolfo Dirzo et al.",5,2024,2024-01-21,Journal of Ecology,Wiley,article,True,https://doi.org/10.1111/1365-2745.14260,https://doi.org/10.1111/1365-2745.14260,https://doi.org/10.1111/1365-2745.14260,https://openalex.org/W4391108877,,19
"Author response for ""Lasting effects of avian‐frugivore interactions on seed dispersal and seedling establishment""","Elena Quintero, Juan Arroyo, Rodolfo Dirzo et al.",5,2023,2023-11-21,,,peer-review,False,https://doi.org/10.1111/1365-2745.14260/v2/response1,https://doi.org/10.1111/1365-2745.14260/v2/response1,,https://openalex.org/W4391128224,,0
Frugivore-mediated seed dispersal in fragmented landscapes: Compositional and functional turnover from forest to matrix,"Juan P. González‐Varo, Jörg Albrecht, Juan Arroyo et al.",14,2023,2023-10-23,Proceedings of the National Academy of Sciences,National Academy of Sciences,article,True,https://doi.org/10.1073/pnas.2302440120,https://doi.org/10.1073/pnas.2302440120,https://doi.org/10.1073/pnas.2302440120,https://openalex.org/W4387871737,https://pubmed.ncbi.nlm.nih.gov/37871198,52
Indirect effects shape species fitness in coevolved mutualistic networks,"Leandro G. Cosmo, Ana Paula A. Assis, Marcus A. M. de Aguiar et al.",9,2023,2023-07-19,Nature,Nature Portfolio,article,True,https://doi.org/10.1038/s41586-023-06319-7,https://doi.org/10.1038/s41586-023-06319-7,https://digital.csic.es/bitstream/10261/341663/3/Indirect-Cosmo_et_al-2023-Nature.pdf,https://openalex.org/W4384820407,https://pubmed.ncbi.nlm.nih.gov/37468625,35
Founder events and subsequent genetic bottlenecks underlie karyotype evolution in the Ibero-North African endemic Carex helodes,"Marcial Escudero, Juan Arroyo, Santiago Sánchez‐Ramírez et al.",4,2023,2023-07-03,Annals of Botany,Oxford University Press,article,True,https://doi.org/10.1093/aob/mcad087,https://doi.org/10.1093/aob/mcad087,https://academic.oup.com/aob/advance-article-pdf/doi/10.1093/aob/mcad087/55144174/mcad087.pdf,https://openalex.org/W4382929416,https://pubmed.ncbi.nlm.nih.gov/37400416,7
The turnover of plant–frugivore interactions along plant range expansion: consequences for natural colonization processes,"Jorge Isla, Miguel E. Jácome‐Flores, Juan Arroyo et al.",4,2023,2023-05-24,Proceedings of the Royal Society B Biological Sciences,Royal Society,article,True,https://doi.org/10.1098/rspb.2022.2547,https://doi.org/10.1098/rspb.2022.2547,https://doi.org/10.1098/rspb.2022.2547,https://openalex.org/W4377940559,https://pubmed.ncbi.nlm.nih.gov/37221844,8
Intraspecific variation in species interactions promotes the feasibility of mutualistic assemblages,"Blanca Arroyo‐Correa, Pedro Jordano, Ígnasi Bartomeus",3,2023,2023-01-23,Ecology Letters,Wiley,article,True,https://doi.org/10.1111/ele.14163,https://doi.org/10.1111/ele.14163,https://onlinelibrary.wiley.com/doi/pdfdirect/10.1111/ele.14163,https://openalex.org/W4317737897,https://pubmed.ncbi.nlm.nih.gov/36688287,43
Reciprocity and interaction effectiveness in generalised mutualisms among free‐living species,"Elena Quintero, Francisco Rodríguez‐Sánchez, Pedro Jordano",3,2022,2022-11-30,Ecology Letters,Wiley,article,True,https://doi.org/10.1111/ele.14141,https://doi.org/10.1111/ele.14141,https://onlinelibrary.wiley.com/doi/pdfdirect/10.1111/ele.14141,https://openalex.org/W4310572889,https://pubmed.ncbi.nlm.nih.gov/36450595,18
"Author response for ""Intraspecific variation in species interactions promotes the feasibility of mutualistic assemblages""","Blanca Arroyo‐Correa, Pedro Jordano, Ígnasi Bartomeus",3,2022,2022-11-16,,,peer-review,False,https://doi.org/10.1111/ele.14163/v2/response1,https://doi.org/10.1111/ele.14163/v2/response1,,https://openalex.org/W4317770585,,0
Global and regional ecological boundaries explain abrupt spatial discontinuities in avian frugivory interactions,"Lucas Pereira Martins, Daniel B. Stouffer, Pedro G. Blendinger et al.",30,2022,2022-11-14,Nature Communications,Nature Portfolio,article,True,https://doi.org/10.1038/s41467-022-34355-w,https://doi.org/10.1038/s41467-022-34355-w,https://www.nature.com/articles/s41467-022-34355-w.pdf,https://openalex.org/W4309028405,https://pubmed.ncbi.nlm.nih.gov/36376314,31
"Drivers of individual‐based, antagonistic interaction networks during plant range expansion","Jorge Isla, Miguel E. Jácome‐Flores, Daniel Pareja et al.",4,2022,2022-06-08,Journal of Ecology,Wiley,article,True,https://doi.org/10.1111/1365-2745.13942,https://doi.org/10.1111/1365-2745.13942,https://doi.org/10.1111/1365-2745.13942,https://openalex.org/W4293055117,,11
"Author response for ""Drivers of individual‐based, antagonistic interaction networks during plant range expansion""","Jorge Isla, Miguel E. Jácome‐Flores, Daniel Pareja et al.",4,2022,2022-05-17,,,peer-review,False,https://doi.org/10.1111/1365-2745.13942/v3/response1,https://doi.org/10.1111/1365-2745.13942/v3/response1,,https://openalex.org/W4283315849,,0
Functional roles of frugivores and plants shape hyper‐diverse mutualistic interactions under two antagonistic conservation scenarios,"Lisieux Fuzessy, Gisela Sobral, Daiane Carreira et al.",11,2022,2022-01-30,Biotropica,Wiley,article,True,https://doi.org/10.1111/btp.13065,https://doi.org/10.1111/btp.13065,http://hdl.handle.net/11449/234082,https://openalex.org/W4210699131,,18
Parasite species richness and host range are not spatially conserved,"Tad Dallas, Pedro Jordano",2,2022,2022-01-25,Global Ecology and Biogeography,Wiley,article,False,https://doi.org/10.1111/geb.13452,https://doi.org/10.1111/geb.13452,,https://openalex.org/W4210340833,,2
"Assessing short and long‐term variations in diversity, timing and body condition of frugivorous birds","María Campo‐Celada, Pedro Jordano, Ana Benítez‐López et al.",6,2022,2022-01-03,Oikos,Wiley,article,True,https://doi.org/10.1111/oik.08387,https://doi.org/10.1111/oik.08387,https://onlinelibrary.wiley.com/doi/pdfdirect/10.1111/oik.08387,https://openalex.org/W4205188199,,21
The ecological and evolutionary significance of effectiveness landscapes in mutualistic interactions,"José M. Gómez, Eugene W. Schupp, Pedro Jordano",3,2021,2021-12-31,Ecology Letters,Wiley,article,False,https://doi.org/10.1111/ele.13939,https://doi.org/10.1111/ele.13939,,https://openalex.org/W4206578561,https://pubmed.ncbi.nlm.nih.gov/34971487,13
The individual‐based network structure of palm‐seed dispersers is explained by a rainforest gradient,"Pâmela Friedemann, Marina Corrêa Côrtes, Everaldo Rodrigo de Castro et al.",6,2021,2021-12-22,Oikos,Wiley,article,True,https://doi.org/10.1111/oik.08384,https://doi.org/10.1111/oik.08384,http://hdl.handle.net/11449/233921,https://openalex.org/W4200614509,,15
Phylogenetic congruence between Neotropical primates and plants is driven by frugivory,"Lisieux Fuzessy, Fernando A. O. Silveira, Laurence Culot et al.",5,2021,2021-11-13,Ecology Letters,Wiley,article,True,https://doi.org/10.1111/ele.13918,https://doi.org/10.1111/ele.13918,https://onlinelibrary.wiley.com/doi/pdfdirect/10.1111/ele.13918,https://openalex.org/W3164401628,https://pubmed.ncbi.nlm.nih.gov/34775664,30
"Fine‐scale coexistence between Mediterranean mesocarnivores is mediated by spatial, temporal, and trophic resource partitioning","Iago Ferreiro‐Arias, Jorge Isla, Pedro Jordano et al.",4,2021,2021-11-01,Ecology and Evolution,Wiley,article,True,https://doi.org/10.1002/ece3.8077,https://doi.org/10.1002/ece3.8077,https://onlinelibrary.wiley.com/doi/pdfdirect/10.1002/ece3.8077,https://openalex.org/W3213172641,https://pubmed.ncbi.nlm.nih.gov/34824772,60
Ecol-Lett_Fuzessy-et-al-2021_Phylogenetic_congruence_between_Neotropical_primates_and_plants,"LF Fuzessy, Fernando A. O. Silveira, Laurence Culot et al.",5,2021,2021-10-19,Zenodo (CERN European Organization for Nuclear Research),European Organization for Nuclear Research,dataset,True,https://doi.org/10.5281/zenodo.5578594,https://doi.org/10.5281/zenodo.5578594,https://zenodo.org/record/5578594,https://openalex.org/W4393765873,,0
"Author response for ""Phylogenetic congruence between Neotropical primates and plants is driven by frugivory""","Lisieux Fuzessy, Fernando A. O. Silveira, Laurence Culot et al.",5,2021,2021-10-18,,,peer-review,True,https://doi.org/10.1111/ele.13918/v3/response1,https://doi.org/10.1111/ele.13918/v3/response1,https://doi.org/10.1111/ele.13918/v3/response1,https://openalex.org/W3214104544,,0
"Author response for ""The ecological and evolutionary significance of effectiveness landscapes in mutualistic interactions""","José M. Gómez, Eugene W. Schupp, Pedro Jordano",3,2021,2021-10-11,,,peer-review,True,https://doi.org/10.1111/ele.13939/v2/response1,https://doi.org/10.1111/ele.13939/v2/response1,https://doi.org/10.1111/ele.13939/v2/response1,https://openalex.org/W4205270540,,0
The Biodiversity of Ecological Interactions: Challenges for recording and documenting the Web of Life,Pedro Jordano,1,2021,2021-09-21,Biodiversity Information Science and Standards,Pensoft Publishers,article,True,https://doi.org/10.3897/biss.5.75564,https://doi.org/10.3897/biss.5.75564,https://biss.pensoft.net/article/75564/download/pdf/,https://openalex.org/W3201449494,,24
Spatial variation in species' roles in host–helminth networks,"Tad Dallas, Pedro Jordano",2,2021,2021-09-20,Philosophical Transactions of the Royal Society B Biological Sciences,Royal Society,article,True,https://doi.org/10.1098/rstb.2020.0361,https://doi.org/10.1098/rstb.2020.0361,https://royalsocietypublishing.org/doi/pdf/10.1098/rstb.2020.0361,https://openalex.org/W3200047260,https://pubmed.ncbi.nlm.nih.gov/34538144,9
Global and regional ecological boundaries drive abrupt changes in avian frugivory interactions,"Lucas Pereira Martins, Daniel B. Stouffer, Pedro G. Blendinger et al.",29,2021,2021-09-20,bioRxiv (Cold Spring Harbor Laboratory),Cold Spring Harbor Laboratory,preprint,True,https://doi.org/10.1101/2021.09.18.460873,https://doi.org/10.1101/2021.09.18.460873,https://www.biorxiv.org/content/biorxiv/early/2021/09/20/2021.09.18.460873.full.pdf,https://openalex.org/W3199341283,,4
Within-Species Trait Variation Can Lead to Size Limitations in Seed Dispersal of Small-Fruited Plants,"Finn Rehling, Bogdan Jaroszewicz, Leonie Victoria Braasch et al.",8,2021,2021-08-16,Frontiers in Ecology and Evolution,Frontiers Media,article,True,https://doi.org/10.3389/fevo.2021.698885,https://doi.org/10.3389/fevo.2021.698885,https://www.frontiersin.org/articles/10.3389/fevo.2021.698885/pdf,https://openalex.org/W3196220087,,17
Methodological overview and data‐merging approaches in the study of plant–frugivore interactions,"Elena Quintero, Jorge Isla, Pedro Jordano",3,2021,2021-07-05,Oikos,Wiley,article,True,https://doi.org/10.1111/oik.08379,https://doi.org/10.1111/oik.08379,https://onlinelibrary.wiley.com/doi/pdfdirect/10.1111/oik.08379,https://openalex.org/W3184170053,,81
Informe del GTM sobre Aspectos medioambientales de la COVID-19. Parte I,"José M. Ordovás, Mariano Estéban, Rocío García‐Retamero et al.",17,2021,2021-06-28,DIGITAL.CSIC (Spanish National Research Council (CSIC)),Consejo Superior de Investigaciones Científicas,report,True,https://doi.org/10.20350/digitalcsic/13981,https://doi.org/10.20350/digitalcsic/13981,https://doi.org/10.20350/digitalcsic/13981,https://openalex.org/W3200352294,,0
In remembrance of Victor Rico Gray (1951‐2021): An astonishing tropical ecologist,"Wesley Dáttilo, Juan Carlos Serio‐Silva, John N. Thompson et al.",9,2021,2021-06-26,Biotropica,Wiley,article,True,https://doi.org/10.1111/btp.12987,https://doi.org/10.1111/btp.12987,https://onlinelibrary.wiley.com/doi/pdfdirect/10.1111/btp.12987,https://openalex.org/W3177381569,,0
Limited potential for bird migration to disperse plants to cooler latitudes,"Juan P. González‐Varo, Beatriz Rumeu, Jörg Albrecht et al.",18,2021,2021-06-23,Nature,Nature Portfolio,article,True,https://doi.org/10.1038/s41586-021-03665-2,https://doi.org/10.1038/s41586-021-03665-2,https://rodin.uca.es/bitstream/10498/34858/1/Gonzalez-Varo%20et%20al.%202021%20Nature.pdf,https://openalex.org/W3175504106,https://pubmed.ncbi.nlm.nih.gov/34163068,95
Individual‐based plant–pollinator networks are structured by phenotypic and microsite plant traits,"Blanca Arroyo‐Correa, Ígnasi Bartomeus, Pedro Jordano",3,2021,2021-05-17,Journal of Ecology,Wiley,article,True,https://doi.org/10.1111/1365-2745.13694,https://doi.org/10.1111/1365-2745.13694,https://onlinelibrary.wiley.com/doi/pdfdirect/10.1111/1365-2745.13694,https://openalex.org/W3162755526,,49
Informe del GTM sobre actividades empresariales innovadoras distintas de la I+D: apuntes para una nueva política de innovación,"José M. Ordovás, Mariano Estéban, Rocío García‐Retamero et al.",17,2021,2021-05-02,DIGITAL.CSIC (Spanish National Research Council (CSIC)),Consejo Superior de Investigaciones Científicas,report,True,https://doi.org/10.20350/digitalcsic/13980,https://doi.org/10.20350/digitalcsic/13980,https://doi.org/10.20350/digitalcsic/13980,https://openalex.org/W3199012148,,0
Informe del GTM: equipos autónomos para la limpieza del aire y sensores para el control de la transmisión de SARS-CoV-2 por aerosoles,"José M. Ordovás, Mariano Estéban, Rocío García‐Retamero et al.",23,2021,2021-04-29,DIGITAL.CSIC (Spanish National Research Council (CSIC)),Consejo Superior de Investigaciones Científicas,report,True,https://doi.org/10.20350/digitalcsic/13893,https://doi.org/10.20350/digitalcsic/13893,https://doi.org/10.20350/digitalcsic/13893,https://openalex.org/W3173008015,,1
Informe del GTM sobre terapéutica actual frente al SARS-CoV-2 / COVID-19,"José M. Ordovás, Mariano Estéban, Rocío García‐Retamero et al.",23,2021,2021-04-09,DIGITAL.CSIC (Spanish National Research Council (CSIC)),Consejo Superior de Investigaciones Científicas,report,True,https://doi.org/10.20350/digitalcsic/13892,https://doi.org/10.20350/digitalcsic/13892,https://doi.org/10.20350/digitalcsic/13892,https://openalex.org/W3172402234,,0
Informe del GTM sobre ¿cuántos rastreadores son necesarios?,"José M. Ordovás, Mariano Estéban, Rocío García‐Retamero et al.",25,2021,2021-03-26,DIGITAL.CSIC (Spanish National Research Council (CSIC)),Consejo Superior de Investigaciones Científicas,report,True,https://doi.org/10.20350/digitalcsic/13890,https://doi.org/10.20350/digitalcsic/13890,http://hdl.handle.net/10261/242459,https://openalex.org/W3181548974,,0
Species-area and network-area relationships in host–helminth interactions,"Tad Dallas, Pedro Jordano",2,2021,2021-03-24,Proceedings of the Royal Society B Biological Sciences,Royal Society,article,True,https://doi.org/10.1098/rspb.2020.3143,https://doi.org/10.1098/rspb.2020.3143,https://www.ncbi.nlm.nih.gov/pmc/articles/8059662,https://openalex.org/W3137520524,https://pubmed.ncbi.nlm.nih.gov/33757356,16
Informe del GTM sobre la fatiga pandémica,"José M. Ordovás, Mariano Estéban, Rocío García‐Retamero et al.",19,2021,2021-03-22,DIGITAL.CSIC (Spanish National Research Council (CSIC)),Consejo Superior de Investigaciones Científicas,report,True,https://doi.org/10.20350/digitalcsic/13891,https://doi.org/10.20350/digitalcsic/13891,http://hdl.handle.net/10261/242465,https://openalex.org/W3168377366,,0
Informe del GTM sobre Posibilidad de usar agrupamiento de muestras para los test de antígenos,"José M. Ordovás, Mariano Estéban, Rocío García‐Retamero et al.",17,2021,2021-03-16,DIGITAL.CSIC (Spanish National Research Council (CSIC)),Consejo Superior de Investigaciones Científicas,report,True,https://doi.org/10.20350/digitalcsic/13854,https://doi.org/10.20350/digitalcsic/13854,http://hdl.handle.net/10261/239484,https://openalex.org/W3173034441,,0
Informe del GTM sobre Desigualdades y Covid-19,"José M. Ordovás, Mariano Estéban, Rocío García‐Retamero et al.",17,2021,2021-02-23,DIGITAL.CSIC (Spanish National Research Council (CSIC)),Consejo Superior de Investigaciones Científicas,report,True,https://doi.org/10.20350/digitalcsic/13852,https://doi.org/10.20350/digitalcsic/13852,https://doi.org/10.20350/digitalcsic/13852,https://openalex.org/W3192776799,,2
Informe del GTM sobre variantes del SARS-CoV-2 e implicaciones en los programas de vacunación global frente a COVID-19,"José M. Ordovás, Mariano Estéban, Rocío García‐Retamero et al.",17,2021,2021-02-23,DIGITAL.CSIC (Spanish National Research Council (CSIC)),Consejo Superior de Investigaciones Científicas,report,True,https://doi.org/10.20350/digitalcsic/13851,https://doi.org/10.20350/digitalcsic/13851,https://doi.org/10.20350/digitalcsic/13851,https://openalex.org/W3165277993,,1
Informe del GTM: Entender y combatir la desinformación sobre ciencia y salud,"Ramón Salaverría, José M. Ordovás, Mariano Estéban et al.",19,2021,2021-02-20,DIGITAL.CSIC (Spanish National Research Council (CSIC)),Consejo Superior de Investigaciones Científicas,report,True,https://doi.org/10.20350/digitalcsic/13853,https://doi.org/10.20350/digitalcsic/13853,http://hdl.handle.net/10261/239480,https://openalex.org/W3184861538,,2
Informa del GTM sobre Contratación de personal científico en el Sistema Público de Investigación,"José M. Ordovás, Mariano Estéban, Rocío García‐Retamero et al.",17,2021,2021-02-01,DIGITAL.CSIC (Spanish National Research Council (CSIC)),Consejo Superior de Investigaciones Científicas,report,True,https://doi.org/10.20350/digitalcsic/13752,https://doi.org/10.20350/digitalcsic/13752,http://hdl.handle.net/10261/229976,https://openalex.org/W3192721977,,0
Actualización del informe del GTM sobre pruebas de diagnóstico de COVID-19,"José M. Ordovás, Mariano Estéban, Rocío García‐Retamero et al.",22,2021,2021-01-12,DIGITAL.CSIC (Spanish National Research Council (CSIC)),Consejo Superior de Investigaciones Científicas,report,True,https://doi.org/10.20350/digitalcsic/13716,https://doi.org/10.20350/digitalcsic/13716,http://hdl.handle.net/10261/227585,https://openalex.org/W3127388540,,1
Posicionamiento del GTM sobre Lecciones de la pandemia de SARS-CoV-2 en la investigación en Biomedicina: Una reflexión de las actuaciones realizadas para construir una nueva aproximación de futuro,"José M. Ordovás, Mariano Estéban, Rocío García‐Retamero et al.",17,2021,2021-01-12,DIGITAL.CSIC (Spanish National Research Council (CSIC)),Consejo Superior de Investigaciones Científicas,report,True,https://doi.org/10.20350/digitalcsic/13751,https://doi.org/10.20350/digitalcsic/13751,http://hdl.handle.net/10261/229807,https://openalex.org/W3153558835,,0
"Supplementary material from ""Species-area and network-area relationships in host–helminth interactions""","Dallas, Tad A, Jordano, Pedro",2,2021,2021-01-01,Figshare,Figshare (United Kingdom),supplementary-materials,True,https://doi.org/10.6084/m9.figshare.c.5345000.v2,https://doi.org/10.6084/m9.figshare.c.5345000.v2,https://doi.org/10.6084/m9.figshare.c.5345000.v2,https://openalex.org/W3185171428,,0
Code and dataset from Species-area and network-area relationships in host–helminth interactions,"Tad Dallas, Pedro Jordano",2,2021,2021-01-01,Figshare,Figshare (United Kingdom),dataset,True,https://doi.org/10.6084/m9.figshare.14248075,https://doi.org/10.6084/m9.figshare.14248075,https://doi.org/10.6084/m9.figshare.14248075,https://openalex.org/W4394364239,,0
"Code and data to reproduce the analyses in ""Parasite species richness and host range are not spatially conserved""","Tad Dallas, Pedro Jordano",2,2021,2021-01-01,Figshare,Figshare (United Kingdom),dataset,True,https://doi.org/10.6084/m9.figshare.9977420,https://doi.org/10.6084/m9.figshare.9977420,https://doi.org/10.6084/m9.figshare.9977420,https://openalex.org/W4394404441,,0
TempPart Data,"Iago Ferreiro Arias, Ana Benítez López, Pedro Jordano et al.",4,2021,2021-01-01,Figshare,Figshare (United Kingdom),dataset,True,https://doi.org/10.6084/m9.figshare.14376473,https://doi.org/10.6084/m9.figshare.14376473,https://doi.org/10.6084/m9.figshare.14376473,https://openalex.org/W4394538475,,0
Informe del GTM sobre Datos e información en la epidemia COVID-19 y propuestas para la evolución digital del sistema de salud,"José M. Ordovás, Mariano Estéban, Rocío García‐Retamero et al.",23,2020,2020-12-11,DIGITAL.CSIC (Spanish National Research Council (CSIC)),Consejo Superior de Investigaciones Científicas,report,True,https://doi.org/10.20350/digitalcsic/13723,https://doi.org/10.20350/digitalcsic/13723,http://hdl.handle.net/10261/227607,https://openalex.org/W3163980387,,0
Informe del GTM sobre Inmunidad protectora y reinfección en COVID-19,"José M. Ordovás, Mariano Estéban, Rocío García‐Retamero et al.",18,2020,2020-12-07,DIGITAL.CSIC (Spanish National Research Council (CSIC)),Consejo Superior de Investigaciones Científicas,report,True,https://doi.org/10.20350/digitalcsic/13724,https://doi.org/10.20350/digitalcsic/13724,http://hdl.handle.net/10261/227608,https://openalex.org/W3126341616,,0
Informe del GTM sobre Vacunas frente al SARS-CoV-2 causante de la COVID-19: Conceptos y desarrollos,"José M. Ordovás, Mariano Estéban, Rocío García‐Retamero et al.",17,2020,2020-11-21,DIGITAL.CSIC (Spanish National Research Council (CSIC)),Consejo Superior de Investigaciones Científicas,report,True,https://doi.org/10.20350/digitalcsic/13722,https://doi.org/10.20350/digitalcsic/13722,https://doi.org/10.20350/digitalcsic/13722,https://openalex.org/W3134252305,,0
Informe del GTM sobre propuesta de una selección experta para una política Tecnológica e Industrial,"José M. Ordovás, Mariano Estéban, Rocío García‐Retamero et al.",17,2020,2020-11-20,DIGITAL.CSIC (Spanish National Research Council (CSIC)),Consejo Superior de Investigaciones Científicas,report,True,https://doi.org/10.20350/digitalcsic/13721,https://doi.org/10.20350/digitalcsic/13721,http://hdl.handle.net/10261/227604,https://openalex.org/W3127064496,,0
"Extant fruit‐eating birds promote genetically diverse seed rain, but disperse to fewer sites in defaunated tropical forests","Carolina da Silva Carvalho, Cristina García, Marília Souza Lucas et al.",5,2020,2020-10-29,Journal of Ecology,Wiley,article,True,https://doi.org/10.1111/1365-2745.13534,https://doi.org/10.1111/1365-2745.13534,http://hdl.handle.net/11449/205554,https://openalex.org/W3096898643,,25
Informe GTM sobre la Práctica y la Investigación en Nutrición en Tiempos de la COVID-19,"José M. Ordovás, Mariano Estéban, Rocío García‐Retamero et al.",17,2020,2020-10-28,DIGITAL.CSIC (Spanish National Research Council (CSIC)),Consejo Superior de Investigaciones Científicas,report,True,https://doi.org/10.20350/digitalcsic/13720,https://doi.org/10.20350/digitalcsic/13720,http://hdl.handle.net/10261/227603,https://openalex.org/W3133893307,,1
"Assessing short- and long-term variations in diversity, timing, and body condition of migratory frugivorous birds","María Campo‐Celada, Irene Mendoza, Ana Benítez‐López et al.",6,2020,2020-10-27,bioRxiv (Cold Spring Harbor Laboratory),Cold Spring Harbor Laboratory,preprint,True,https://doi.org/10.1101/2020.10.27.356709,https://doi.org/10.1101/2020.10.27.356709,https://www.biorxiv.org/content/biorxiv/early/2020/10/27/2020.10.27.356709.full.pdf,https://openalex.org/W3095798247,,0
Large herbivores regulate the spatial recruitment of a hyperdominant Neotropical palm,"Javier Valverde, Carolina da Silva Carvalho, Pedro Jordano et al.",4,2020,2020-10-25,Biotropica,Wiley,article,True,https://doi.org/10.1111/btp.12873,https://doi.org/10.1111/btp.12873,https://doi.org/10.1111/btp.12873],https://openalex.org/W3095694032,,8
Genetic correlations and ecological networks shape coevolving mutualisms,"Ana Paula A. Assis, John N. Thompson, Pamela Cristina Santana et al.",6,2020,2020-09-24,Ecology Letters,Wiley,article,False,https://doi.org/10.1111/ele.13605,https://doi.org/10.1111/ele.13605,,https://openalex.org/W3087821265,https://pubmed.ncbi.nlm.nih.gov/32969577,23
"Author response for ""Extant fruit‐eating birds promote genetically diverse seed rain, but disperse to fewer sites in defaunated tropical forests""","Carolina da Silva Carvalho, Cristina García, Marília Souza Lucas et al.",5,2020,2020-08-19,,,peer-review,True,https://doi.org/10.1111/1365-2745.13534/v2/response1,https://doi.org/10.1111/1365-2745.13534/v2/response1,https://doi.org/10.1111/1365-2745.13534/v2/response1,https://openalex.org/W3095276773,,0
"Informe sobre COVID-19 en espacios interiores, en particular restaurantes","José M. Ordovás, Mariano Estéban, Rocío García‐Retamero et al.",23,2020,2020-08-11,DIGITAL.CSIC (Spanish National Research Council (CSIC)),Consejo Superior de Investigaciones Científicas,report,True,https://doi.org/10.20350/digitalcsic/13719,https://doi.org/10.20350/digitalcsic/13719,http://hdl.handle.net/10261/227601,https://openalex.org/W3129136825,,1
Apuntes para una nueva estrategia económica,"José M. Ordovás, Mariano Estéban, Rocío García‐Retamero et al.",17,2020,2020-08-11,DIGITAL.CSIC (Spanish National Research Council (CSIC)),Consejo Superior de Investigaciones Científicas,report,True,https://doi.org/10.20350/digitalcsic/13717,https://doi.org/10.20350/digitalcsic/13717,http://hdl.handle.net/10261/227591,https://openalex.org/W3126458320,,0
Informe sobre inmunidad pediátrica y la reapertura del sistema escolar en la época del COVID-19,"José M. Ordovás, Mariano Estéban, Rocío García‐Retamero et al.",22,2020,2020-08-11,DIGITAL.CSIC (Spanish National Research Council (CSIC)),Consejo Superior de Investigaciones Científicas,report,True,https://doi.org/10.20350/digitalcsic/13718,https://doi.org/10.20350/digitalcsic/13718,http://hdl.handle.net/10261/227595,https://openalex.org/W3128449392,,0
Informe del GTM sobre la validez e interpretación de las pruebas de diagnóstico para SARS-CoV-2,"José M. Ordovás, Mariano Estéban, Rocío García‐Retamero et al.",17,2020,2020-08-11,DIGITAL.CSIC (Spanish National Research Council (CSIC)),Consejo Superior de Investigaciones Científicas,report,True,https://doi.org/10.20350/digitalcsic/13715,https://doi.org/10.20350/digitalcsic/13715,http://hdl.handle.net/10261/227579,https://openalex.org/W3137032849,,0
"Informe del GTM sobre el impacto de la COVID-19 en las personas mayores, con especial énfasis en las que viven en residencias","José M. Ordovás, Mariano Estéban, Rocío García‐Retamero et al.",18,2020,2020-07-01,DIGITAL.CSIC (Spanish National Research Council (CSIC)),Consejo Superior de Investigaciones Científicas,report,True,https://doi.org/10.20350/digitalcsic/13714,https://doi.org/10.20350/digitalcsic/13714,http://hdl.handle.net/10261/227575,https://openalex.org/W3138104293,,3
"Informe del GTM sobre cambios en el Sistema de Ciencia, Tecnología e Innovación (SCTI)","José M. Ordovás, Mariano Estéban, Rocío García‐Retamero et al.",17,2020,2020-06-16,DIGITAL.CSIC (Spanish National Research Council (CSIC)),Consejo Superior de Investigaciones Científicas,report,True,https://doi.org/10.20350/digitalcsic/13726,https://doi.org/10.20350/digitalcsic/13726,http://hdl.handle.net/10261/227564,https://openalex.org/W3126478908,,1
Informe del GTM sobre Atmósfera y Covid-19,"José M. Ordovás, Mariano Estéban, Rocío García‐Retamero et al.",23,2020,2020-06-08,DIGITAL.CSIC (Spanish National Research Council (CSIC)),Consejo Superior de Investigaciones Científicas,report,True,https://doi.org/10.20350/digitalcsic/13712,https://doi.org/10.20350/digitalcsic/13712,https://doi.org/10.20350/digitalcsic/13712,https://openalex.org/W3127893981,,0
Posicionamiento del GTM sobre un posible pasaporte inmunológico,"José M. Ordovás, Mariano Estéban, Rocío García‐Retamero et al.",17,2020,2020-06-03,DIGITAL.CSIC (Spanish National Research Council (CSIC)),Consejo Superior de Investigaciones Científicas,report,True,https://doi.org/10.20350/digitalcsic/13727,https://doi.org/10.20350/digitalcsic/13727,http://hdl.handle.net/10261/227567,https://openalex.org/W3166296577,,0
Análisis del informe de la Academia de las Ciencias de Alemania y su posible aplicabilidad a la situación actual de España,"José M. Ordovás, Mariano Estéban, Rocío García‐Retamero et al.",17,2020,2020-05-21,DIGITAL.CSIC (Spanish National Research Council (CSIC)),Consejo Superior de Investigaciones Científicas,report,True,https://doi.org/10.20350/digitalcsic/13725,https://doi.org/10.20350/digitalcsic/13725,http://hdl.handle.net/10261/227531,https://openalex.org/W3146733344,,0
Synthesizing the scientific evidence to inform the development of the post-2020 Global Framework on Biodiversity,"Sandra Dı́az, Fabrice DeClerck, Susanna Dobrota et al.",59,2020,2020-05-08,LA Referencia (Red Federada de Repositorios Institucionales de Publicaciones Científicas),LA Referencia,report,True,,,http://rid.unrn.edu.ar/handle/20.500.12049/5718,https://openalex.org/W3083837953,,4
"Pedro Jordano: ""Desconocemos aún los virus que pueden saltar a los humanos. Son cajas de Pandora por abrirse""","Pedro Jordano, Raúl Rejón",2,2020,2020-04-24,DIGITAL.CSIC (Spanish National Research Council (CSIC)),Consejo Superior de Investigaciones Científicas,article,True,,,http://hdl.handle.net/10261/209715,https://openalex.org/W3027173748,,0
Ants as diaspore removers of non‐myrmecochorous plants: a meta‐analysis,"Diego V. Anjos, Laura C. Leal, Pedro Jordano et al.",4,2020,2020-03-23,Oikos,Wiley,article,False,https://doi.org/10.1111/oik.06940,https://doi.org/10.1111/oik.06940,,https://openalex.org/W3013105633,,45
Phenotypic and microsite plant individual variation determine the pollination network structure and its functional consequences,"Blanca Arroyo‐Correa, Ígnasi Bartomeus, Pedro Jordano",3,2020,2020-03-05,bioRxiv (Cold Spring Harbor Laboratory),Cold Spring Harbor Laboratory,preprint,True,https://doi.org/10.1101/2020.03.03.974899,https://doi.org/10.1101/2020.03.03.974899,https://www.biorxiv.org/content/biorxiv/early/2020/03/05/2020.03.03.974899.full.pdf,https://openalex.org/W3010110029,,1
Rethinking megafauna,"Marcos Moleón, José A. Sánchez‐Zapata, José A. Donázar et al.",27,2020,2020-03-04,Proceedings of the Royal Society B Biological Sciences,Royal Society,article,True,https://doi.org/10.1098/rspb.2019.2643,https://doi.org/10.1098/rspb.2019.2643,https://royalsocietypublishing.org/doi/pdf/10.1098/rspb.2019.2643,https://openalex.org/W4237633503,https://pubmed.ncbi.nlm.nih.gov/32126954,69
Fruit resource provisioning for avian frugivores: The overlooked side of effectiveness in seed dispersal mutualisms,"Elena Quintero, Marco Aurélio Pizo, Pedro Jordano",3,2020,2020-01-08,Journal of Ecology,Wiley,article,True,https://doi.org/10.1111/1365-2745.13352,https://doi.org/10.1111/1365-2745.13352,http://hdl.handle.net/11449/196990,https://openalex.org/W2998892355,,34
"Dataset: Extant fruit-eating birds promote genetically diverse seed rain, but disperse to fewer sites in defaunated tropical forests","Carolina da Silva Carvalho, Cristina García, Marília Souza Lucas et al.",5,2020,2020-01-01,Figshare,Figshare (United Kingdom),dataset,True,https://doi.org/10.6084/m9.figshare.13129913,https://doi.org/10.6084/m9.figshare.13129913,https://doi.org/10.6084/m9.figshare.13129913,https://openalex.org/W4394110351,,0
"Seed dispersal networks in tropical forest fragments: Area effects, remnant species, and interaction diversity","Carine Emer, Pedro Jordano, Marco Aurélio Pizo et al.",6,2019,2019-12-16,Biotropica,Wiley,article,True,https://doi.org/10.1111/btp.12738,https://doi.org/10.1111/btp.12738,http://hdl.handle.net/11449/201409,https://openalex.org/W2996084291,,73
Interaction motifs variability in a Mediterranean palm under environmental disturbances: the mutualism–antagonism continuum,"Miguel E. Jácome‐Flores, Pedro Jordano, Miguel Delibes et al.",4,2019,2019-11-21,Oikos,Wiley,article,False,https://doi.org/10.1111/oik.06688,https://doi.org/10.1111/oik.06688,,https://openalex.org/W2990845525,,21
The cryptic regulation of diversity by functionally complementary large tropical forest herbivores,"Nacho Villar, Tadeu Siqueira, Valesca Zipparro et al.",9,2019,2019-08-14,Journal of Ecology,Wiley,article,True,https://doi.org/10.1111/1365-2745.13257,https://doi.org/10.1111/1365-2745.13257,https://besjournals.onlinelibrary.wiley.com/doi/pdfdirect/10.1111/1365-2745.13257,https://openalex.org/W2967377455,,48
"Seed-dispersal networks in tropical forest fragments: area effects, remnant species, and interaction diversity","Carine Emer, Pedro Jordano, Marco Aurélio Pizo et al.",6,2019,2019-07-14,bioRxiv (Cold Spring Harbor Laboratory),Cold Spring Harbor Laboratory,preprint,True,https://doi.org/10.1101/701730,https://doi.org/10.1101/701730,https://www.biorxiv.org/content/biorxiv/early/2019/10/24/701730.full.pdf,https://openalex.org/W3098796646,,1
Seed dispersal by dispersing juvenile animals: a source of functional connectivity in fragmented landscapes,"Juan P. González‐Varo, Sarah Díaz-García, Juan Arroyo et al.",4,2019,2019-07-01,Biology Letters,Royal Society,article,True,https://doi.org/10.1098/rsbl.2019.0264,https://doi.org/10.1098/rsbl.2019.0264,https://www.ncbi.nlm.nih.gov/pmc/articles/6684993,https://openalex.org/W2959823778,https://pubmed.ncbi.nlm.nih.gov/31288682,16
Defaunation precipitates the extinction of evolutionarily distinct interactions in the Anthropocene,"Carine Emer, Mauro Galetti, Marco Aurélio Pizo et al.",5,2019,2019-06-01,Science Advances,American Association for the Advancement of Science,article,True,https://doi.org/10.1126/sciadv.aav6699,https://doi.org/10.1126/sciadv.aav6699,https://advances.sciencemag.org/content/advances/5/6/eaav6699.full.pdf,https://openalex.org/W2952917773,https://pubmed.ncbi.nlm.nih.gov/31223648,65
The scale of landscape effect on seed dispersal depends on both response variables and landscape predictor,"Miriam San‐José, Víctor Arroyo‐Rodríguez, Pedro Jordano et al.",5,2019,2019-04-30,Landscape Ecology,Springer Science+Business Media,article,False,https://doi.org/10.1007/s10980-019-00821-y,https://doi.org/10.1007/s10980-019-00821-y,,https://openalex.org/W2943095103,,46
Honeybees disrupt the structure and functionality of plant-pollinator networks,"Alfredo Valido, María C. Rodríguez‐Rodríguez, Pedro Jordano",3,2019,2019-03-18,Scientific Reports,Nature Portfolio,article,True,https://doi.org/10.1038/s41598-019-41271-5,https://doi.org/10.1038/s41598-019-41271-5,https://www.nature.com/articles/s41598-019-41271-5.pdf,https://openalex.org/W2921962488,https://pubmed.ncbi.nlm.nih.gov/30886227,284
The influence of spatial sampling scales on ant–plant interaction network architecture,"Wesley Dáttilo, Jeferson Vizentin‐Bugoni, Vanderlei J. Debastiani et al.",5,2019,2019-03-18,Journal of Animal Ecology,Wiley,article,False,https://doi.org/10.1111/1365-2656.12978,https://doi.org/10.1111/1365-2656.12978,,https://openalex.org/W2921007492,https://pubmed.ncbi.nlm.nih.gov/30883711,33
"Supplementary material from ""Seed dispersal by dispersing juvenile animals: a source of functional connectivity in fragmented landscapes""","Juan P. González‐Varo, Sarah Díaz-García, Juan Arroyo et al.",4,2019,2019-01-01,Figshare,Figshare (United Kingdom),supplementary-materials,True,https://doi.org/10.6084/m9.figshare.c.4551821.v1,https://doi.org/10.6084/m9.figshare.c.4551821.v1,https://doi.org/10.6084/m9.figshare.c.4551821.v1,https://openalex.org/W2951481335,,1
ESM for Seed dispersal by dispersing juvenile animals from Seed dispersal by dispersing juvenile animals: a source of functional connectivity in fragmented landscapes,"Juan P. González‐Varo, Sarah Díaz-García, Juan Arroyo et al.",4,2019,2019-01-01,Figshare,Figshare (United Kingdom),article,True,https://doi.org/10.6084/m9.figshare.8311511.v1,https://doi.org/10.6084/m9.figshare.8311511.v1,https://doi.org/10.6084/m9.figshare.8311511.v1,https://openalex.org/W2949626307,,0
Synzoochory: the ecological and evolutionary relevance of a dual interaction,"José M. Gómez, Eugene W. Schupp, Pedro Jordano",3,2018,2018-11-22,Biological reviews/Biological reviews of the Cambridge Philosophical Society,Wiley,review,False,https://doi.org/10.1111/brv.12481,https://doi.org/10.1111/brv.12481,,https://openalex.org/W2901785918,https://pubmed.ncbi.nlm.nih.gov/30467946,213
Seeing the forest for the trees: Putting multilayer networks to work for community ecology,"Matthew C. Hutchinson, Bernat Bramon Mora, Shai Pilosof et al.",8,2018,2018-11-09,Functional Ecology,Wiley,article,True,https://doi.org/10.1111/1365-2435.13237,https://doi.org/10.1111/1365-2435.13237,https://besjournals.onlinelibrary.wiley.com/doi/pdfdirect/10.1111/1365-2435.13237,https://openalex.org/W2900374344,,97
Global geographic patterns in the colours and sizes of animal‐dispersed fruits,"Miranda Sinnott‐Armstrong, Alexander E. Downie, Sarah Federman et al.",6,2018,2018-10-11,Global Ecology and Biogeography,Wiley,article,False,https://doi.org/10.1111/geb.12801,https://doi.org/10.1111/geb.12801,,https://openalex.org/W2898264394,,67
The timing of frugivore‐mediated seed dispersal effectiveness,"Juan P. González‐Varo, Juan Arroyo, Pedro Jordano",3,2018,2018-08-29,Molecular Ecology,Wiley,article,True,https://doi.org/10.1111/mec.14850,https://doi.org/10.1111/mec.14850,https://onlinelibrary.wiley.com/doi/pdfdirect/10.1111/mec.14850,https://openalex.org/W2889430216,https://pubmed.ncbi.nlm.nih.gov/30151871,50
Maximizing biodiversity conservation and carbon stocking in restored tropical forests,"Pedro H. S. Brancalion, Carolina Bello, Robin L. Chazdon et al.",9,2018,2018-04-16,Conservation Letters,Wiley,article,True,https://doi.org/10.1111/conl.12454,https://doi.org/10.1111/conl.12454,https://onlinelibrary.wiley.com/doi/pdfdirect/10.1111/conl.12454,https://openalex.org/W2800445892,,93
Moving from frugivory to seed dispersal: Incorporating the functional outcomes of interactions in plant–frugivore networks,"Benno I. Simmons, William J. Sutherland, Lynn V. Dicks et al.",8,2018,2018-03-31,Journal of Animal Ecology,Wiley,article,True,https://doi.org/10.1111/1365-2656.12831,https://doi.org/10.1111/1365-2656.12831,https://besjournals.onlinelibrary.wiley.com/doi/pdfdirect/10.1111/1365-2656.12831,https://openalex.org/W2794813732,https://pubmed.ncbi.nlm.nih.gov/29603211,100
Context‐dependency and anthropogenic effects on individual plant–frugivore networks,"M. Florencia Miguel, Pedro Jordano, Solana Tabeni et al.",4,2018,2018-02-09,Oikos,Wiley,article,True,https://doi.org/10.1111/oik.04978,https://doi.org/10.1111/oik.04978,https://onlinelibrary.wiley.com/doi/pdfdirect/10.1111/oik.04978,https://openalex.org/W2791770126,,39
Seed‐dispersal interactions in fragmented landscapes – a metanetwork approach,"Carine Emer, Mauro Galetti, Marco Aurélio Pizo et al.",7,2018,2018-01-24,Ecology Letters,Wiley,article,False,https://doi.org/10.1111/ele.12909,https://doi.org/10.1111/ele.12909,,https://openalex.org/W2791664311,https://pubmed.ncbi.nlm.nih.gov/29368364,192
Diet and Feeding Behavior of the Horned Guan ( Oreophasis derbianus ) In Mexico,"Fernando González‐García, Eduardo Santana-C., Pedro Jordano et al.",5,2017,2017-12-01,The Wilson Journal of Ornithology,Wilson Ornithological Society,article,False,https://doi.org/10.1676/16-041.1,https://doi.org/10.1676/16-041.1,,https://openalex.org/W2782241309,,2
Ecological and evolutionary legacy of megafauna extinctions,"Mauro Galetti, Marcos Moleón, Pedro Jordano et al.",16,2017,2017-10-09,Biological reviews/Biological reviews of the Cambridge Philosophical Society,Wiley,review,True,https://doi.org/10.1111/brv.12374,https://doi.org/10.1111/brv.12374,https://figshare.com/articles/journal_contribution/Ecological_and_evolutionary_legacy_of_megafauna_extinctions/22962164,https://openalex.org/W2761128794,https://pubmed.ncbi.nlm.nih.gov/28990321,305
Indirect effects drive coevolution in mutualistic networks,"Paulo R. Guimarães, Mathias M. Pires, Pedro Jordano et al.",5,2017,2017-10-01,Nature,Nature Portfolio,article,False,https://doi.org/10.1038/nature24273,https://doi.org/10.1038/nature24273,,https://openalex.org/W2766126935,https://pubmed.ncbi.nlm.nih.gov/29045396,309
Plant-animal mutualism effectiveness in native and transformed habitats: Assessing the coupled outcomes of pollination and seed dispersal,"Francisco E. Fontúrbel, Pedro Jordano, Rodrigo Medel",3,2017,2017-09-18,Perspectives in Plant Ecology Evolution and Systematics,Elsevier BV,article,True,https://doi.org/10.1016/j.ppees.2017.09.003,https://doi.org/10.1016/j.ppees.2017.09.003,http://repositorio.uchile.cl/handle/2250/148534,https://openalex.org/W2755919136,,31
Persisting in defaunated landscapes: Reduced plant population connectivity after seed dispersal collapse,"Néstor Pérez‐Méndez, Pedro Jordano, Alfredo Valido",3,2017,2017-08-12,Journal of Ecology,Wiley,article,True,https://doi.org/10.1111/1365-2745.12848,https://doi.org/10.1111/1365-2745.12848,https://onlinelibrary.wiley.com/doi/pdfdirect/10.1111/1365-2745.12848,https://openalex.org/W2744231854,,57
Pleistocene megafaunal extinctions and the functional loss of long‐distance seed‐dispersal services,"Mathias M. Pires, Paulo R. Guimarães, Mauro Galetti et al.",4,2017,2017-06-28,Ecography,Wiley,article,False,https://doi.org/10.1111/ecog.03163,https://doi.org/10.1111/ecog.03163,,https://openalex.org/W2725236051,,185
Unravelling seed dispersal through fragmented landscapes: Frugivore species operate unevenly as mobile links,"Juan P. González‐Varo, Carolina da Silva Carvalho, Juan Arroyo et al.",4,2017,2017-05-14,Molecular Ecology,Wiley,article,True,https://doi.org/10.1111/mec.14181,https://doi.org/10.1111/mec.14181,http://hdl.handle.net/10498/34836,https://openalex.org/W2613192855,https://pubmed.ncbi.nlm.nih.gov/28503829,139
Differences among ant species in plant protection are related to production of extrafloral nectar and degree of leaf herbivory,"Roberth Fagundes, Wesley Dáttilo, Sérvio Pontes Ribeiro et al.",6,2017,2017-05-09,Biological Journal of the Linnean Society,Oxford University Press,article,False,https://doi.org/10.1093/biolinnean/blx059,https://doi.org/10.1093/biolinnean/blx059,,https://openalex.org/W2625191500,,116
Drivers of tree fecundity in pedunculate oak (Quercus robur) refugial populations at the species’ southwestern range margin,"Eva Moracho, Pedro Jordano, Arndt Hampe",3,2017,2017-05-08,Plant Biology,Wiley,article,False,https://doi.org/10.1111/plb.12578,https://doi.org/10.1111/plb.12578,,https://openalex.org/W2613035526,https://pubmed.ncbi.nlm.nih.gov/28480629,7
A general framework for effectiveness concepts in mutualisms,"Eugene W. Schupp, Pedro Jordano, José M. Gómez",3,2017,2017-03-28,Ecology Letters,Wiley,article,True,https://doi.org/10.1111/ele.12764,https://doi.org/10.1111/ele.12764,https://onlinelibrary.wiley.com/doi/pdfdirect/10.1111/ele.12764,https://openalex.org/W2602713794,https://pubmed.ncbi.nlm.nih.gov/28349589,207
Atlantic frugivory: a plant–frugivore interaction data set for the Atlantic Forest,"Carolina Bello, Mauro Galetti, Denise Montan et al.",15,2017,2017-03-20,Ecology,Wiley,article,True,https://doi.org/10.1002/ecy.1818,https://doi.org/10.1002/ecy.1818,https://esajournals.onlinelibrary.wiley.com/doi/pdfdirect/10.1002/ecy.1818,https://openalex.org/W2597377573,https://pubmed.ncbi.nlm.nih.gov/28317110,154
pedroj/effectiveness_pckg: R package: effect.lndscp v.0.2,"Pedro Jordano, Francisco Rodríguez‐Sánchez",2,2017,2017-03-11,Zenodo (CERN European Organization for Nuclear Research),European Organization for Nuclear Research,software,True,https://doi.org/10.5281/zenodo.376763,https://doi.org/10.5281/zenodo.376763,https://zenodo.org/record/376763,https://openalex.org/W3205449798,,7
Functional consequences of plant‐animal interactions along the mutualism‐antagonism gradient,"María C. Rodríguez‐Rodríguez, Pedro Jordano, Alfredo Valido",3,2017,2017-01-30,Ecology,Wiley,article,True,https://doi.org/10.1002/ecy.1756,https://doi.org/10.1002/ecy.1756,https://onlinelibrary.wiley.com/doi/pdfdirect/10.1002/ecy.1756,https://openalex.org/W2581996291,https://pubmed.ncbi.nlm.nih.gov/28135774,54
Correction to ‘Unravelling Darwin's entangled bank: architecture and robustness of mutualistic networks with multiple interaction types’,"Wesley Dáttilo, Nubia Zoe Lara-Rodríguez, Pedro Jordano et al.",10,2017,2017-01-05,Proceedings of the Royal Society B Biological Sciences,Royal Society,erratum,True,https://doi.org/10.1098/rspb.2016.2635,https://doi.org/10.1098/rspb.2016.2635,https://royalsocietypublishing.org/doi/pdf/10.1098/rspb.2016.2635,https://openalex.org/W2569592608,https://pubmed.ncbi.nlm.nih.gov/28053063,0
Special Feature: Dispersal processes driving plant movement: range shifts in a changing world.,"Carolina García, Etienne K. Klein, Pedro Jordano",3,2017,2017-01-01,,,article,False,,,,https://openalex.org/W3099870126,,0
Patterns and drivers of tree fecundity in Pedunculate oak (Quercus robur) refugial populations at the species’ southern range margin,"Eva Moracho, Pedro Jordano, Arndt Hampe",3,2017,2017-01-01,HAL (Le Centre pour la Communication Scientifique Directe),Centre National de la Recherche Scientifique,conference-paper,True,,,https://hal.inrae.fr/hal-02737294,https://openalex.org/W4206886002,,0
Defaunation implications for ecosystem carbon cycling and storage in tropical forests,"Mauro Galetti, Pedro Jordano, Laurence Culot et al.",4,2017,2017-01-01,Figshare,Figshare (United Kingdom),dataset,True,https://doi.org/10.6084/m9.figshare.5280709,https://doi.org/10.6084/m9.figshare.5280709,https://doi.org/10.6084/m9.figshare.5280709,https://openalex.org/W4394342496,,0
What is long‐distance dispersal? And a taxonomy of dispersal events,Pedro Jordano,1,2016,2016-12-16,Journal of Ecology,Wiley,article,True,https://doi.org/10.1111/1365-2745.12690,https://doi.org/10.1111/1365-2745.12690,https://onlinelibrary.wiley.com/doi/pdfdirect/10.1111/1365-2745.12690,https://openalex.org/W2566443198,,208
Dispersal processes driving plant movement: challenges for understanding and predicting range shifts in a changing world,"Cristina García, Etienne K. Klein, Pedro Jordano",3,2016,2016-12-16,Journal of Ecology,Wiley,article,True,https://doi.org/10.1111/1365-2745.12705,https://doi.org/10.1111/1365-2745.12705,http://hdl.handle.net/10261/155689,https://openalex.org/W2560886384,,37
Unravelling Darwin's entangled bank: architecture and robustness of mutualistic networks with multiple interaction types,"Wesley Dáttilo, Nubia Zoe Lara-Rodríguez, Pedro Jordano et al.",10,2016,2016-11-24,Proceedings of the Royal Society B Biological Sciences,Royal Society,article,True,https://doi.org/10.1098/rspb.2016.1564,https://doi.org/10.1098/rspb.2016.1564,https://escholarship.org/content/qt7c0175ms/qt7c0175ms.pdf,https://openalex.org/W2556148975,https://pubmed.ncbi.nlm.nih.gov/27881755,99
Natural history matters: how biological constraints shape diversified interactions in pollination networks,Pedro Jordano,1,2016,2016-10-19,Journal of Animal Ecology,Wiley,article,True,https://doi.org/10.1111/1365-2656.12584,https://doi.org/10.1111/1365-2656.12584,https://besjournals.onlinelibrary.wiley.com/doi/pdfdirect/10.1111/1365-2656.12584,https://openalex.org/W2537805468,https://pubmed.ncbi.nlm.nih.gov/27778383,15
Individual variation in the booming calls of captive Horned Guans (Oreophasis derbianus): an endangered Neotropical mountain bird,"Fernando González‐García, J. Roberto Sosa‐López, Juan Francisco Ornelas et al.",6,2016,2016-09-20,Bioacoustics,Taylor & Francis,article,False,https://doi.org/10.1080/09524622.2016.1233513,https://doi.org/10.1080/09524622.2016.1233513,,https://openalex.org/W2521142089,,5
Chasing Ecological Interactions,Pedro Jordano,1,2016,2016-09-15,PLoS Biology,Public Library of Science,article,True,https://doi.org/10.1371/journal.pbio.1002559,https://doi.org/10.1371/journal.pbio.1002559,https://journals.plos.org/plosbiology/article/file?id=10.1371/journal.pbio.1002559&type=printable,https://openalex.org/W2520782046,https://pubmed.ncbi.nlm.nih.gov/27631692,163
Sampling networks of ecological interactions,Pedro Jordano,1,2016,2016-09-13,Functional Ecology,Wiley,article,True,https://doi.org/10.1111/1365-2435.12763,https://doi.org/10.1111/1365-2435.12763,https://besjournals.onlinelibrary.wiley.com/doi/pdfdirect/10.1111/1365-2435.12763,https://openalex.org/W2949866378,,368
Defaunation leads to microevolutionary changes in a tropical palm,"Carolina da Silva Carvalho, Mauro Galetti, R Colevatti et al.",4,2016,2016-08-18,Scientific Reports,Nature Portfolio,article,True,https://doi.org/10.1038/srep31957,https://doi.org/10.1038/srep31957,https://www.nature.com/articles/srep31957.pdf,https://openalex.org/W2510425915,https://pubmed.ncbi.nlm.nih.gov/27535709,78
Unusually limited pollen dispersal and connectivity of P edunculate oak (Quercus robur) refugial populations at the species' southern range margin,"Eva Moracho, Gerardo Moreno, Pedro Jordano et al.",4,2016,2016-05-05,Molecular Ecology,Wiley,article,False,https://doi.org/10.1111/mec.13692,https://doi.org/10.1111/mec.13692,,https://openalex.org/W2396469239,https://pubmed.ncbi.nlm.nih.gov/27146553,50
The signatures of Anthropocene defaunation: cascading effects of the seed dispersal collapse,"Néstor Pérez‐Méndez, Pedro Jordano, Cristina García et al.",4,2016,2016-04-19,Scientific Reports,Nature Portfolio,article,True,https://doi.org/10.1038/srep24820,https://doi.org/10.1038/srep24820,https://www.nature.com/articles/srep24820.pdf,https://openalex.org/W2339905758,https://pubmed.ncbi.nlm.nih.gov/27091677,155
Morphology predicts species' functional roles and their degree of specialization in plant–frugivore interactions,"D. Matthias Dehling, Pedro Jordano, H. Martin Schaefer et al.",5,2016,2016-01-27,Proceedings of the Royal Society B Biological Sciences,Royal Society,article,True,https://doi.org/10.1098/rspb.2015.2444,https://doi.org/10.1098/rspb.2015.2444,https://royalsocietypublishing.org/doi/pdf/10.1098/rspb.2015.2444,https://openalex.org/W2305695185,https://pubmed.ncbi.nlm.nih.gov/26817779,288
Isolation of 91 polymorphic microsatellite loci in the western Mediterranean endemic Carex helodes (Cyperaceae),"Juan Arroyo, Marcial Escudero, Pedro Jordano",3,2016,2016-01-01,Applications in Plant Sciences,Botanical Society of America,article,True,https://doi.org/10.3732/apps.1500085,https://doi.org/10.3732/apps.1500085,https://bsapubs.onlinelibrary.wiley.com/doi/pdfdirect/10.3732/apps.1500085,https://openalex.org/W2277582621,https://pubmed.ncbi.nlm.nih.gov/26819859,4
Appendix A. Species codes and identities.,"Cecilia Díaz‐Castelazo, Paulo R. Guimarães, Pedro Jordano et al.",6,2016,2016-01-01,Figshare,Figshare (United Kingdom),dataset,True,https://doi.org/10.6084/m9.figshare.3544478,https://doi.org/10.6084/m9.figshare.3544478,https://doi.org/10.6084/m9.figshare.3544478,https://openalex.org/W4394087933,,0
Appendix A. Variation in the number of interactions observed at different timescale resolutions.,"Jofre Carnicer, Pedro Jordano, Carlos J. Melián",3,2016,2016-01-01,Figshare,Figshare (United Kingdom),dataset,True,https://doi.org/10.6084/m9.figshare.3531533,https://doi.org/10.6084/m9.figshare.3531533,https://doi.org/10.6084/m9.figshare.3531533,https://openalex.org/W4394098018,,0
"Appendix G. Description of the methodology used to estimate the length of interplant flights by bird pollinators, and results obtained per bird species.","María C. Rodríguez‐Rodríguez, Pedro Jordano, Alfredo Valido",3,2016,2016-01-01,Figshare,Figshare (United Kingdom),dataset,True,https://doi.org/10.6084/m9.figshare.3562761,https://doi.org/10.6084/m9.figshare.3562761,https://doi.org/10.6084/m9.figshare.3562761,https://openalex.org/W4394101996,,0
Appendix E. Values and significance of the statistic K for the variables under study.,"Jofre Carnicer, Pedro Jordano, Carlos J. Melián",3,2016,2016-01-01,Figshare,Figshare (United Kingdom),dataset,True,https://doi.org/10.6084/m9.figshare.3531518,https://doi.org/10.6084/m9.figshare.3531518,https://doi.org/10.6084/m9.figshare.3531518,https://openalex.org/W4394105793,,0
Appendix B. Dissimilarity dendrograms for ant species in Networks 1990 and 2000.,"Cecilia Díaz‐Castelazo, Paulo R. Guimarães, Pedro Jordano et al.",6,2016,2016-01-01,Figshare,Figshare (United Kingdom),dataset,True,https://doi.org/10.6084/m9.figshare.3544475,https://doi.org/10.6084/m9.figshare.3544475,https://doi.org/10.6084/m9.figshare.3544475,https://openalex.org/W4394229500,,0
Appendix C. Temporal changes in network structure during 1981–1983.,"Jofre Carnicer, Pedro Jordano, Carlos J. Melián",3,2016,2016-01-01,Figshare,Figshare (United Kingdom),dataset,True,https://doi.org/10.6084/m9.figshare.3531524,https://doi.org/10.6084/m9.figshare.3531524,https://doi.org/10.6084/m9.figshare.3531524,https://openalex.org/W4394264986,,0
Appendix C. Description of the methodology used to estimate plant characteristics.,"María C. Rodríguez‐Rodríguez, Pedro Jordano, Alfredo Valido",3,2016,2016-01-01,Figshare,Figshare (United Kingdom),dataset,True,https://doi.org/10.6084/m9.figshare.3562776,https://doi.org/10.6084/m9.figshare.3562776,https://doi.org/10.6084/m9.figshare.3562776,https://openalex.org/W4394275708,,0
Appendix D. Test effects for nine morphological variables predicting the variation in the proportion of fruits in the diet.,"Jofre Carnicer, Pedro Jordano, Carlos J. Melián",3,2016,2016-01-01,Figshare,Figshare (United Kingdom),dataset,True,https://doi.org/10.6084/m9.figshare.3531521,https://doi.org/10.6084/m9.figshare.3531521,https://doi.org/10.6084/m9.figshare.3531521,https://openalex.org/W4394278748,,0
"Appendix D. Description of the methodology used to estimate the proportion of viable seeds consumed per fruit by predispersal seed predators, plus a table containing the estimated interaction strengths per animal guild.","María C. Rodríguez‐Rodríguez, Pedro Jordano, Alfredo Valido",3,2016,2016-01-01,Figshare,Figshare (United Kingdom),dataset,True,https://doi.org/10.6084/m9.figshare.3562773,https://doi.org/10.6084/m9.figshare.3562773,https://doi.org/10.6084/m9.figshare.3562773,https://openalex.org/W4394327293,,0
Supplement 1. MATLAB code used in the calculation of asymmetry values.,"Jofre Carnicer, Pedro Jordano, Carlos J. Melián",3,2016,2016-01-01,Figshare,Figshare (United Kingdom),dataset,True,https://doi.org/10.6084/m9.figshare.3531515,https://doi.org/10.6084/m9.figshare.3531515,https://doi.org/10.6084/m9.figshare.3531515,https://openalex.org/W4394352293,,0
Appendix B. Switching behavior classification.,"Jofre Carnicer, Pedro Jordano, Carlos J. Melián",3,2016,2016-01-01,Figshare,Figshare (United Kingdom),dataset,True,https://doi.org/10.6084/m9.figshare.3531530,https://doi.org/10.6084/m9.figshare.3531530,https://doi.org/10.6084/m9.figshare.3531530,https://openalex.org/W4394359746,,0
Appendix A. Description of animal mutualists and antagonists included in the study.,"María C. Rodríguez‐Rodríguez, Pedro Jordano, Alfredo Valido",3,2016,2016-01-01,Figshare,Figshare (United Kingdom),dataset,True,https://doi.org/10.6084/m9.figshare.3562782,https://doi.org/10.6084/m9.figshare.3562782,https://doi.org/10.6084/m9.figshare.3562782,https://openalex.org/W4394438032,,0
Appendix B. Description of the study site and the replicate patches.,"María C. Rodríguez‐Rodríguez, Pedro Jordano, Alfredo Valido",3,2016,2016-01-01,Figshare,Figshare (United Kingdom),dataset,True,https://doi.org/10.6084/m9.figshare.3562779,https://doi.org/10.6084/m9.figshare.3562779,https://doi.org/10.6084/m9.figshare.3562779,https://openalex.org/W4394467570,,0
Appendix F. Further details on methods and results from generalized linear mixed-effects models.,"María C. Rodríguez‐Rodríguez, Pedro Jordano, Alfredo Valido",3,2016,2016-01-01,Figshare,Figshare (United Kingdom),dataset,True,https://doi.org/10.6084/m9.figshare.3562764,https://doi.org/10.6084/m9.figshare.3562764,https://doi.org/10.6084/m9.figshare.3562764,https://openalex.org/W4394497817,,0
Appendix C. Dissimilarity dendrograms for plant species for Networks 1990 and 2000.,"Cecilia Díaz‐Castelazo, Paulo R. Guimarães, Pedro Jordano et al.",6,2016,2016-01-01,Figshare,Figshare (United Kingdom),dataset,True,https://doi.org/10.6084/m9.figshare.3544472,https://doi.org/10.6084/m9.figshare.3544472,https://doi.org/10.6084/m9.figshare.3544472,https://openalex.org/W4394498099,,0
"Appendix E. Detailed description of spatial point pattern analyses, plus additional results from univariate and bivariate analyses of plant–animal interaction strengths and plant characteristics.","María C. Rodríguez‐Rodríguez, Pedro Jordano, Alfredo Valido",3,2016,2016-01-01,Figshare,Figshare (United Kingdom),dataset,True,https://doi.org/10.6084/m9.figshare.3562767,https://doi.org/10.6084/m9.figshare.3562767,https://doi.org/10.6084/m9.figshare.3562767,https://openalex.org/W4394525037,,0
Defaunation affects carbon storage in tropical forests,"Carolina Bello, Mauro Galetti, Marco Aurélio Pizo et al.",9,2015,2015-12-04,Science Advances,American Association for the Advancement of Science,article,True,https://doi.org/10.1126/sciadv.1501105,https://doi.org/10.1126/sciadv.1501105,https://advances.sciencemag.org/content/advances/1/11/e1501105.full.pdf,https://openalex.org/W2212020371,https://pubmed.ncbi.nlm.nih.gov/26824067,459
"Supplemental Information, Code, And Data For The Ms: Defaunation Impacts Carbon Storage In Tropical Forests.","Carolina Bello, Mauro Galetti, Marco A. Pizo et al.",9,2015,2015-10-06,Zenodo (CERN European Organization for Nuclear Research),European Organization for Nuclear Research,supplementary-materials,True,https://doi.org/10.5281/zenodo.31880,https://doi.org/10.5281/zenodo.31880,https://doi.org/10.5281/zenodo.31880,https://openalex.org/W2319352831,,0
Variation in seed dispersal effectiveness: the redundancy of consequences in diversified tropical frugivore assemblages,"Débora Cristina Rother, Marco Aurélio Pizo, Pedro Jordano",3,2015,2015-09-08,Oikos,Wiley,article,True,https://doi.org/10.1111/oik.02629,https://doi.org/10.1111/oik.02629,https://onlinelibrary.wiley.com/doi/pdfdirect/10.1111/oik.02629,https://openalex.org/W2121148529,,101
Ms_Network-Sampling: Draft Ms For Functional Ecology Special Issue On Networks.,Pedro Jordano,1,2015,2015-08-26,Zenodo (CERN European Organization for Nuclear Research),European Organization for Nuclear Research,editorial,True,https://doi.org/10.5281/zenodo.29437,https://doi.org/10.5281/zenodo.29437,https://doi.org/10.5281/zenodo.29437,https://openalex.org/W2222157935,,0
Scale‐dependent responses of pollination and seed dispersal mutualisms in a habitat transformation scenario,"Francisco E. Fontúrbel, Pedro Jordano, Rodrigo Medel",3,2015,2015-06-27,Journal of Ecology,Wiley,article,True,https://doi.org/10.1111/1365-2745.12443,https://doi.org/10.1111/1365-2745.12443,https://onlinelibrary.wiley.com/doi/pdfdirect/10.1111/1365-2745.12443,https://openalex.org/W2104863582,,49
Community-Wide Spatial and Temporal Discordances of Seed-Seedling Shadows in a Tropical Rainforest,"Débora Cristina Rother, Marco Aurélio Pizo, Tadeu Siqueira et al.",5,2015,2015-04-09,PLoS ONE,Public Library of Science,article,True,https://doi.org/10.1371/journal.pone.0123346,https://doi.org/10.1371/journal.pone.0123346,https://journals.plos.org/plosone/article/file?id=10.1371/journal.pone.0123346&type=printable,https://openalex.org/W2071796079,https://pubmed.ncbi.nlm.nih.gov/25856393,19
Hotspots of damage by antagonists shape the spatial structure of plant–pollinator interactions,"María C. Rodríguez‐Rodríguez, Pedro Jordano, Alfredo Valido",3,2015,2015-02-25,Ecology,Wiley,article,False,https://doi.org/10.1890/14-2467.1,https://doi.org/10.1890/14-2467.1,,https://openalex.org/W2123928993,https://pubmed.ncbi.nlm.nih.gov/26405743,14
"Geographical variation in mutualistic networks: similarity, turnover and partner fidelity","Kristian Trøjelsgaard, Pedro Jordano, Daniel Carstensen et al.",4,2015,2015-01-28,Proceedings of the Royal Society B Biological Sciences,Royal Society,article,True,https://doi.org/10.1098/rspb.2014.2925,https://doi.org/10.1098/rspb.2014.2925,https://royalsocietypublishing.org/doi/pdf/10.1098/rspb.2014.2925,https://openalex.org/W2146446325,https://pubmed.ncbi.nlm.nih.gov/25632001,171
Downsized mutualisms: Consequences of seed dispersers’ body-size reduction for early plant recruitment,"Néstor Pérez‐Méndez, Pedro Jordano, Alfredo Valido",3,2014,2014-12-23,Perspectives in Plant Ecology Evolution and Systematics,Elsevier BV,article,True,https://doi.org/10.1016/j.ppees.2014.12.001,https://doi.org/10.1016/j.ppees.2014.12.001,http://hdl.handle.net/20.500.12049/559,https://openalex.org/W1994503780,,91
"Impact of the introduced honeybees (Apis mellifera, Apidae) on Teide National Park (Tenerife, Canary Islands)","Alfredo Valido, María C. Rodríguez‐Rodríguez, Pedro Jordano",3,2014,2014-12-23,Ecosistemas,Spanish Association for Terrestrial Ecology,article,True,https://doi.org/10.7818/ecos.2014.23-3.08,https://doi.org/10.7818/ecos.2014.23-3.08,https://doi.org/10.7818/ecos.2014.23-3.08,https://openalex.org/W1522130053,,19
Beyond species loss: the extinction of ecological interactions in a changing world,"Alfonso Valiente‐Banuet, Marcelo A. Aizen, Julio M. Alcántara et al.",19,2014,2014-11-28,Functional Ecology,Wiley,article,True,https://doi.org/10.1111/1365-2435.12356,https://doi.org/10.1111/1365-2435.12356,https://onlinelibrary.wiley.com/doi/pdfdirect/10.1111/1365-2435.12356,https://openalex.org/W2155430569,,977
Long‐term expansion of juniper populations in managed landscapes: patterns in space and time,"Cristina García, Eva Moracho, Ricardo Dı́az-Delgado et al.",4,2014,2014-08-20,Journal of Ecology,Wiley,article,True,https://doi.org/10.1111/1365-2745.12297,https://doi.org/10.1111/1365-2745.12297,https://onlinelibrary.wiley.com/doi/pdfdirect/10.1111/1365-2745.12297,https://openalex.org/W1993519544,,31
Biotic Interactions as Nature's Ornaments: A View from the Tropics,Pedro Jordano,1,2014,2014-06-10,BioScience,Oxford University Press,article,True,https://doi.org/10.1093/biosci/biu081,https://doi.org/10.1093/biosci/biu081,https://academic.oup.com/bioscience/article-pdf/64/7/630/8718787/biu081.pdf,https://openalex.org/W2118433593,,1
Who dispersed the seeds? The use of DNA barcoding in frugivory and seed dispersal studies,"Juan P. González‐Varo, Juan Arroyo, Pedro Jordano",3,2014,2014-06-07,Methods in Ecology and Evolution,Wiley,article,True,https://doi.org/10.1111/2041-210x.12212,https://doi.org/10.1111/2041-210x.12212,http://hdl.handle.net/10261/101758,https://openalex.org/W2081196823,,103
Functional relationships beyond species richness patterns: trait matching in plant–bird mutualisms across scales,"D. Matthias Dehling, Till Töpfer, H. Martin Schaefer et al.",6,2014,2014-05-26,Global Ecology and Biogeography,Wiley,article,False,https://doi.org/10.1111/geb.12193,https://doi.org/10.1111/geb.12193,,https://openalex.org/W2106277789,,174
Birds see the true colours of fruits to live off the fat of the land,"H. Martin Schaefer, Alfredo Valido, Pedro Jordano",3,2014,2014-01-08,Proceedings of the Royal Society B Biological Sciences,Royal Society,article,True,https://doi.org/10.1098/rspb.2013.2516,https://doi.org/10.1098/rspb.2013.2516,https://www.ncbi.nlm.nih.gov/pmc/articles/3896014,https://openalex.org/W2110312377,https://pubmed.ncbi.nlm.nih.gov/24403330,93
Ecological networks: delving into the architecture of biodiversity,"Rúben Heleno, Cristina García, Pedro Jordano et al.",12,2014,2014-01-01,Biology Letters,Royal Society,article,True,https://doi.org/10.1098/rsbl.2013.1000,https://doi.org/10.1098/rsbl.2013.1000,https://royalsocietypublishing.org/doi/pdf/10.1098/rsbl.2013.1000,https://openalex.org/W2116021331,https://pubmed.ncbi.nlm.nih.gov/24402718,92
"Impacto de la introducción de la abeja doméstica (Apis mellifera, Apidae) en el Parque Nacional del Teide (Tenerife, Islas Canarias)","A. Valido, M.C. Rodríguez-Rodríguez, Pedro Jordano",3,2014,2014-01-01,DOAJ (DOAJ: Directory of Open Access Journals),,article,True,,,https://doaj.org/article/80e1abbb4b3b40c2850339e8ea97bcca,https://openalex.org/W4311065816,,1
Mutualistic Networks,"Jordi Bascompte, Pedro Jordano",2,2013,2013-12-31,Princeton University Press eBooks,Princeton University Press,book,False,https://doi.org/10.1515/9781400848720,https://doi.org/10.1515/9781400848720,,https://openalex.org/W4241512725,,148
Backmatter,"Jordi Bascompte, Pedro Jordano",2,2013,2013-12-31,Princeton University Press eBooks,Princeton University Press,paratext,False,https://doi.org/10.1515/9781400848720-bm,https://doi.org/10.1515/9781400848720-bm,,https://openalex.org/W4231628199,,0
Frontmatter,"Jordi Bascompte, Pedro Jordano",2,2013,2013-12-31,Princeton University Press eBooks,Princeton University Press,paratext,False,https://doi.org/10.1515/9781400848720-fm,https://doi.org/10.1515/9781400848720-fm,,https://openalex.org/W4247827327,,0
The Structure of Plant-Animal Mutualistic Networks,"Jordi Bascompte, Pedro Jordano",2,2013,2013-12-08,Princeton University Press eBooks,Princeton University Press,book-chapter,True,https://doi.org/10.23943/princeton/9780691131269.003.0003,https://doi.org/10.23943/princeton/9780691131269.003.0003,http://hdl.handle.net/10261/40599,https://openalex.org/W2101651676,,70
Biodiversity and Plant-Animal Coevolution,"Jordi Bascompte, Pedro Jordano",2,2013,2013-12-08,Princeton University Press eBooks,Princeton University Press,book-chapter,False,https://doi.org/10.23943/princeton/9780691131269.003.0001,https://doi.org/10.23943/princeton/9780691131269.003.0001,,https://openalex.org/W4243492838,,2
An Introduction to Complex Networks,"Jordi Bascompte, Pedro Jordano",2,2013,2013-12-08,Princeton University Press eBooks,Princeton University Press,book-chapter,False,https://doi.org/10.23943/princeton/9780691131269.003.0002,https://doi.org/10.23943/princeton/9780691131269.003.0002,,https://openalex.org/W4255944264,,2
Mutualistic Networks in Time and Space,"Jordi Bascompte, Pedro Jordano",2,2013,2013-12-08,Princeton University Press eBooks,Princeton University Press,book-chapter,False,https://doi.org/10.23943/princeton/9780691131269.003.0005,https://doi.org/10.23943/princeton/9780691131269.003.0005,,https://openalex.org/W4231249823,,1
Epilogue,"Jordi Bascompte, Pedro Jordano",2,2013,2013-12-08,Princeton University Press eBooks,Princeton University Press,book-chapter,False,https://doi.org/10.23943/princeton/9780691131269.003.0007,https://doi.org/10.23943/princeton/9780691131269.003.0007,,https://openalex.org/W4237930164,,0
Consequences of Network Structure,"Jordi Bascompte, Pedro Jordano",2,2013,2013-12-08,Princeton University Press eBooks,Princeton University Press,book-chapter,False,https://doi.org/10.23943/princeton/9780691131269.003.0006,https://doi.org/10.23943/princeton/9780691131269.003.0006,,https://openalex.org/W4245137580,,0
Ecological and Evolutionary Mechanisms,"Jordi Bascompte, Pedro Jordano",2,2013,2013-12-08,Princeton University Press eBooks,Princeton University Press,book-chapter,False,https://doi.org/10.23943/princeton/9780691131269.003.0004,https://doi.org/10.23943/princeton/9780691131269.003.0004,,https://openalex.org/W4255169839,,0
"Adaptation of flower and fruit colours to multiple, distinct mutualists","Julien P. Renoult, Alfredo Valido, Pedro Jordano et al.",4,2013,2013-10-08,New Phytologist,Wiley,article,False,https://doi.org/10.1111/nph.12539,https://doi.org/10.1111/nph.12539,,https://openalex.org/W2045425159,https://pubmed.ncbi.nlm.nih.gov/26012880,53
X Reunión anual de Ecoflor,"Rocío Santos‐Gally, Rocío Pérez‐Barrales, Juan Arroyo et al.",7,2013,2013-08-26,Ecosistemas,Spanish Association for Terrestrial Ecology,article,True,https://doi.org/10.7818/ecos.2013.22-2.20,https://doi.org/10.7818/ecos.2013.22-2.20,https://www.revistaecosistemas.net/index.php/ecosistemas/article/download/769/736,https://openalex.org/W3189191290,,0
"Functional traits, the phylogeny of function, and ecosystem service vulnerability","Sandra Dı́az, Andy Purvis, Johannes H. C. Cornelissen et al.",8,2013,2013-07-30,Ecology and Evolution,Wiley,article,True,https://doi.org/10.1002/ece3.601,https://doi.org/10.1002/ece3.601,https://onlinelibrary.wiley.com/doi/pdfdirect/10.1002/ece3.601,https://openalex.org/W2058353863,https://pubmed.ncbi.nlm.nih.gov/24101986,651
6. Status of the Northern Bald Ibis in southern Spain,Pedro Jordano,1,2013,2013-07-10,Ornithological Notes,,article,False,https://doi.org/10.2173/bow-on.100006,https://doi.org/10.2173/bow-on.100006,,https://openalex.org/W3015336192,,0
Relaciones entre plantas y aves frugivoras en el matorral mediterráneo del área de Doñana,"Pedro Jordano, Pedro Diego",2,2013,2013-06-07,Dialnet (Universidad de la Rioja),Universidad Internacional de La Rioja,dissertation,False,,,,https://openalex.org/W1608040068,,34
Functional Extinction of Birds Drives Rapid Evolutionary Changes in Seed Size,"Mauro Galetti, Roger Guevara, Marina Corrêa Côrtes et al.",15,2013,2013-05-30,Science,American Association for the Advancement of Science,article,False,https://doi.org/10.1126/science.1233774,https://doi.org/10.1126/science.1233774,,https://openalex.org/W2170513943,https://pubmed.ncbi.nlm.nih.gov/23723235,774
Quantity and quality components of effectiveness in insular pollinator assemblages,"María C. Rodríguez‐Rodríguez, Pedro Jordano, Alfredo Valido",3,2013,2013-02-12,Oecologia,Springer Science+Business Media,article,False,https://doi.org/10.1007/s00442-013-2606-y,https://doi.org/10.1007/s00442-013-2606-y,,https://openalex.org/W2078897382,https://pubmed.ncbi.nlm.nih.gov/23404070,51
Demographic bottlenecks in tropical plant regeneration: A comparative analysis of causal influences,"Débora Cristina Rother, Pedro Jordano, Ricardo Ribeiro Rodrigues et al.",4,2013,2013-01-08,Perspectives in Plant Ecology Evolution and Systematics,Elsevier BV,article,False,https://doi.org/10.1016/j.ppees.2012.12.004,https://doi.org/10.1016/j.ppees.2012.12.004,,https://openalex.org/W2060707763,,52
Las tercias pertenecientes al marquesado de Priego,"Pedro Jordano, M. Ángeles",2,2013,2013-01-01,Ambitos: revista de estudios de ciencias sociales y humanidades,,article,False,,,,https://openalex.org/W2153721144,,0
COEVOLUTION AND THE ARCHITECTURE OF MUTUALISTIC NETWORKS,"Scott L. Nuismer, Pedro Jordano, Jordi Bascompte",3,2012,2012-09-18,Evolution,Oxford University Press,article,True,https://doi.org/10.1111/j.1558-5646.2012.01801.x,https://doi.org/10.1111/j.1558-5646.2012.01801.x,https://digital.csic.es/bitstream/10261/74146/1/j.1558-5646.2012.01801.x.pdf,https://openalex.org/W2168577353,https://pubmed.ncbi.nlm.nih.gov/23356608,157
Meta‐Analysis of the Effects of Human Disturbance on Seed Dispersal by Animals,"Julia S. Markl, Matthias Schleuning, Pierre‐Michel Forget et al.",8,2012,2012-09-12,Conservation Biology,Wiley,article,False,https://doi.org/10.1111/j.1523-1739.2012.01927.x,https://doi.org/10.1111/j.1523-1739.2012.01927.x,,https://openalex.org/W1945931084,https://pubmed.ncbi.nlm.nih.gov/22971077,282
"Biodiversity, Species Interactions and Ecological Networks in a Fragmented World","Melanie Hagen, W. Daniel Kissling, Claus Rasmussen et al.",25,2012,2012-01-01,Advances in ecological research/Advances in Ecological Research,Elsevier BV,book-chapter,True,https://doi.org/10.1016/b978-0-12-396992-7.00002-2,https://doi.org/10.1016/b978-0-12-396992-7.00002-2,http://hdl.handle.net/10261/64172,https://openalex.org/W1680689898,,455
Cleaning associations between birds and herbivorous mammals in Brazil: Structure and complexity,"Cristina Sazima, Pedro Jordano, Paulo R. Guimarães et al.",5,2012,2012-01-01,The Auk,Oxford University Press,article,True,https://doi.org/10.1525/auk.2011.11144,https://doi.org/10.1525/auk.2011.11144,https://academic.oup.com/auk/article-pdf/129/1/36/26880233/auk0036.pdf,https://openalex.org/W2161729683,,36
"CAMACHO MARTÍNEZ, R.; ASENJO RUBIO, E. y CALDERÓN ROCA, B. (Málaga, 2011). Creación artística y mecenazgo en el desarrollo cultural del mediterráneo en la edad moderna","Pedro Jordano, María Ángeles",2,2012,2012-01-01,,,article,False,,,,https://openalex.org/W2978428507,,0
Pollination patterns in a relict meta-population of Pedunculate oak (Quercus robur) in Central Spain,"Eva Moracho, Cristina Rigueiro, Angela Sanchez Miranda-Moreno et al.",6,2012,2012-01-01,HAL (Le Centre pour la Communication Scientifique Directe),Centre National de la Recherche Scientifique,conference-paper,False,,,,https://openalex.org/W4206849126,,0
"Frugivores and seed dispersal (1985–2010); the ‘seeds’ dispersed, established and matured","Pierre‐Michel Forget, Pedro Jordano, Joanna E. Lambert et al.",6,2011,2011-10-22,Acta Oecologica,Elsevier BV,article,False,https://doi.org/10.1016/j.actao.2011.09.008,https://doi.org/10.1016/j.actao.2011.09.008,,https://openalex.org/W1981641854,,36
The full path of Janzen-Connell effects: genetic tracking of seeds to adult plant recruitment,"Eugene W. Schupp, Pedro Jordano",2,2011,2011-09-26,Molecular Ecology,Wiley,article,True,https://doi.org/10.1111/j.1365-294x.2011.05202.x,https://doi.org/10.1111/j.1365-294x.2011.05202.x,http://hdl.handle.net/10261/42693,https://openalex.org/W2157438799,https://pubmed.ncbi.nlm.nih.gov/21951419,27
Evolution and coevolution in mutualistic networks,"Paulo R. Guimarães, Pedro Jordano, John N. Thompson",3,2011,2011-07-12,Ecology Letters,Wiley,article,True,https://doi.org/10.1111/j.1461-0248.2011.01649.x,https://doi.org/10.1111/j.1461-0248.2011.01649.x,http://hdl.handle.net/10261/40441,https://openalex.org/W2111661781,https://pubmed.ncbi.nlm.nih.gov/21749596,361
The modularity of seed dispersal: differences in structure and robustness between bat– and bird–fruit networks,"Marco A. R. Mello, Flávia Maria Darcie Marquitti, Paulo R. Guimarães et al.",6,2011,2011-04-08,Oecologia,Springer Science+Business Media,article,True,https://doi.org/10.1007/s00442-011-1984-2,https://doi.org/10.1007/s00442-011-1984-2,http://hdl.handle.net/10261/40446,https://openalex.org/W2079512690,https://pubmed.ncbi.nlm.nih.gov/21479592,147
The Missing Part of Seed Dispersal Networks: Structure and Robustness of Bat-Fruit Interactions,"Marco A. R. Mello, Flávia Maria Darcie Marquitti, Paulo R. Guimarães et al.",6,2011,2011-02-28,PLoS ONE,Public Library of Science,article,True,https://doi.org/10.1371/journal.pone.0017395,https://doi.org/10.1371/journal.pone.0017395,https://doi.org/10.1371/journal.pone.0017395,https://openalex.org/W1993494645,https://pubmed.ncbi.nlm.nih.gov/21386981,163
The Functional Consequences of Mutualistic Network Architecture,"José M. Gómez, Francisco Perfectti, Pedro Jordano",3,2011,2011-01-25,PLoS ONE,Public Library of Science,article,True,https://doi.org/10.1371/journal.pone.0016143,https://doi.org/10.1371/journal.pone.0016143,https://journals.plos.org/plosone/article/file?id=10.1371/journal.pone.0016143&type=printable,https://openalex.org/W2130774976,https://pubmed.ncbi.nlm.nih.gov/21283583,80
"Colour, design and reward: phenotypic integration of fleshy fruit displays","Alfredo Valido, H. Martin Schaefer, Pedro Jordano",3,2011,2011-01-24,Journal of Evolutionary Biology,Oxford University Press,article,True,https://doi.org/10.1111/j.1420-9101.2010.02206.x,https://doi.org/10.1111/j.1420-9101.2010.02206.x,https://onlinelibrary.wiley.com/doi/pdfdirect/10.1111/j.1420-9101.2010.02206.x,https://openalex.org/W1590249142,https://pubmed.ncbi.nlm.nih.gov/21255176,116
"Interacciones entre plantas y polinizadores en el Parqur Nacional del Teide: consecuencias ecológicas de la introducción masiva de la abeja doméstica, Apis melifera (Apidae)","Alfredo Valido, María C. Rodríguez‐Rodríguez, Pedro Jordano",3,2011,2011-01-01,DIGITAL.CSIC (Spanish National Research Council (CSIC)),Consejo Superior de Investigaciones Científicas,book-chapter,False,,,,https://openalex.org/W1024877374,,4
Male fecundity and pollen dispersal in populations of a riparian tree species,"Sylvie Muratorio, Etienne K. Klein, Arndt Hampe et al.",5,2011,2011-01-01,HAL (Le Centre pour la Communication Scientifique Directe),Centre National de la Recherche Scientifique,conference-paper,False,,,,https://openalex.org/W3119055963,,0
Frugivores and seed dispersal: mechanisms and consequences for biodiversity of a key ecological interaction,"Pedro Jordano, Pierre‐Michel Forget, Joanna E. Lambert et al.",6,2010,2010-11-17,Biology Letters,Royal Society,article,True,https://doi.org/10.1098/rsbl.2010.0986,https://doi.org/10.1098/rsbl.2010.0986,https://www.ncbi.nlm.nih.gov/pmc/articles/3097856,https://openalex.org/W2165187074,https://pubmed.ncbi.nlm.nih.gov/21084336,142
Curso Latino Americano de Frugivoria e Dispersão de Sementes,"Pedro Jordano, Mauro Galetti",2,2010,2010-09-23,DIGITAL.CSIC (Spanish National Research Council (CSIC)),Consejo Superior de Investigaciones Científicas,article,True,,,http://hdl.handle.net/10261/36390,https://openalex.org/W1582813124,,0
Missing and forbidden links in mutualistic networks,"Jens M. Olesen, Jordi Bascompte, Yoko Luise Dupont et al.",6,2010,2010-09-15,Proceedings of the Royal Society B Biological Sciences,Royal Society,article,True,https://doi.org/10.1098/rspb.2010.1371,https://doi.org/10.1098/rspb.2010.1371,https://www.ncbi.nlm.nih.gov/pmc/articles/3030842,https://openalex.org/W2166939357,https://pubmed.ncbi.nlm.nih.gov/20843845,375
The phylogenetic structure of plant facilitation networks changes with competition,"Miguel Verdú, Pedro Jordano, Alfonso Valiente‐Banuet",3,2010,2010-09-14,Journal of Ecology,Wiley,article,True,https://doi.org/10.1111/j.1365-2745.2010.01731.x,https://doi.org/10.1111/j.1365-2745.2010.01731.x,https://onlinelibrary.wiley.com/doi/pdfdirect/10.1111/j.1365-2745.2010.01731.x,https://openalex.org/W2097833542,,49
Seed dispersal effectiveness revisited: a conceptual review,"Eugene W. Schupp, Pedro Jordano, José M. Gómez",3,2010,2010-07-28,New Phytologist,Wiley,article,True,https://doi.org/10.1111/j.1469-8137.2010.03402.x,https://doi.org/10.1111/j.1469-8137.2010.03402.x,https://onlinelibrary.wiley.com/doi/pdfdirect/10.1111/j.1469-8137.2010.03402.x,https://openalex.org/W2157332851,https://pubmed.ncbi.nlm.nih.gov/20673283,1142
Symposium 6: Mutualistic Networks,"Jordi Bascompte, Marcelo A. Aizen, Colin Fontaine et al.",11,2010,2010-07-01,Bulletin of the Ecological Society of America,Ecological Society of America,article,True,https://doi.org/10.1890/0012-9623-91.3.367,https://doi.org/10.1890/0012-9623-91.3.367,http://hdl.handle.net/10261/36431,https://openalex.org/W1983437890,,4
Past tree range dynamics in the Iberian Peninsula inferred through phylogeography and palaeodistribution modelling: A review,"Francisco Rodríguez‐Sánchez, Arndt Hampe, Pedro Jordano et al.",4,2010,2010-04-17,Review of Palaeobotany and Palynology,Elsevier BV,article,True,https://doi.org/10.1016/j.revpalbo.2010.03.008,https://doi.org/10.1016/j.revpalbo.2010.03.008,http://hdl.handle.net/10261/36389,https://openalex.org/W2093191251,,116
"Isolation and characterization of 20 microsatellite loci for laurel species (Laurus, Lauraceae)","Juan Arroyo, Cristina Rigueiro, Rocío Rodríguez‐Arcos et al.",7,2010,2010-04-01,American Journal of Botany,Wiley,article,True,https://doi.org/10.3732/ajb.1000069,https://doi.org/10.3732/ajb.1000069,https://onlinelibrary.wiley.com/doi/pdfdirect/10.3732/ajb.1000069,https://openalex.org/W2052195780,https://pubmed.ncbi.nlm.nih.gov/21622433,15
Nestedness versus modularity in ecological networks: two sides of the same coin?,"Miguel A. Fortuna, Daniel B. Stouffer, Jens M. Olesen et al.",8,2010,2010-03-31,Journal of Animal Ecology,Wiley,article,True,https://doi.org/10.1111/j.1365-2656.2010.01688.x,https://doi.org/10.1111/j.1365-2656.2010.01688.x,https://onlinelibrary.wiley.com/doi/pdfdirect/10.1111/j.1365-2656.2010.01688.x,https://openalex.org/W2099326369,https://pubmed.ncbi.nlm.nih.gov/20374411,522
"Pollen, seeds and genes: the movement ecology of plants",Pedro Jordano,1,2010,2010-03-24,Heredity,Springer Nature,article,True,https://doi.org/10.1038/hdy.2010.28,https://doi.org/10.1038/hdy.2010.28,https://www.nature.com/articles/hdy201028.pdf,https://openalex.org/W1974419643,https://pubmed.ncbi.nlm.nih.gov/20332803,36
Changes of a mutualistic network over time: reanalysis over a 10‐year period,"Cecilia Díaz‐Castelazo, Paulo R. Guimarães, Pedro Jordano et al.",6,2010,2010-03-01,Ecology,Wiley,article,True,https://doi.org/10.1890/08-1883.1,https://doi.org/10.1890/08-1883.1,http://hdl.handle.net/10261/36449,https://openalex.org/W2157318339,https://pubmed.ncbi.nlm.nih.gov/20426337,149
Mutualistic networks. Reports from the ESA Annual Meeting,"Jordi Bascompte, Marcelo A. Aizen, C. Fontaine et al.",10,2010,2010-01-01,DIGITAL.CSIC (Spanish National Research Council (CSIC)),Consejo Superior de Investigaciones Científicas,article,True,,,http://hdl.handle.net/10261/59437,https://openalex.org/W978104007,,1
"I SOLATION AND CHARACTERIZATION OF 20 MICROSATELLITE LOCI FOR LAUREL SPECIES ( L AURUS , LAURACEAE) 1","Juan Arroyo, Cristina Rigueiro, Arndt Hampe et al.",6,2010,2010-01-01,,,article,False,,,,https://openalex.org/W2185268743,,0
General methods for seed dispersal analysis and lab protocols for DNA extraction and genotyping of SSR microsatellites for Prunus mahaleb (Rosaceae),"Pedro Jordano, José A. Godoy",2,2010,2010-01-01,,,article,False,,,,https://openalex.org/W2550971777,,0
La evolución hoy. Conferencias Organizadas,"Pedro Jordano, Juan Arroyo Marín, Encarnación Aguilar Criado et al.",5,2010,2010-01-01,Dialnet (Universidad de la Rioja),Universidad Internacional de La Rioja,article,False,,,,https://openalex.org/W3083026123,,0
El significado actual de la evolución,Pedro Jordano,1,2010,2010-01-01,Dialnet (Universidad de la Rioja),Universidad Internacional de La Rioja,article,False,,,,https://openalex.org/W3091347236,,0
Darwin en Sevilla: Antonio Machado y Núñez y los darwinistas sevillanos,"Encarnación Aguilar Criado, Juan Arroyo Marín, Elena Fierro Enrique et al.",4,2010,2010-01-01,Dialnet (Universidad de la Rioja),Universidad Internacional de La Rioja,article,False,,,,https://openalex.org/W3162976737,,0
Coevolution in Multispecific Interactions among Free-Living Species,Pedro Jordano,1,2009,2009-12-28,Evolution Education and Outreach,BioMed Central,article,True,https://doi.org/10.1007/s12052-009-0197-1,https://doi.org/10.1007/s12052-009-0197-1,https://evolution-outreach.biomedcentral.com/counter/pdf/10.1007/s12052-009-0197-1,https://openalex.org/W2084952252,,32
"On gene dispersal studies in complex landscapes: a reply to the comment on García et al. (2005, 2007)","Cristina García, José A. Godoy, Pedro Jordano",3,2009,2009-10-16,Molecular Ecology,Wiley,article,True,https://doi.org/10.1111/j.1365-294x.2009.04393.x,https://doi.org/10.1111/j.1365-294x.2009.04393.x,https://onlinelibrary.wiley.com/doi/pdfdirect/10.1111/j.1365-294X.2009.04393.x,https://openalex.org/W2110170987,,0
Maternal genetic correlations in the seed rain: effects of frugivore activity in heterogeneous landscapes,"Cristina García, Pedro Jordano, Juan Arroyo et al.",4,2009,2009-09-18,Journal of Ecology,Wiley,article,False,https://doi.org/10.1111/j.1365-2745.2009.01577.x,https://doi.org/10.1111/j.1365-2745.2009.01577.x,,https://openalex.org/W2160536054,,37
The temporal dynamics of resource use by frugivorous birds: a network approach,"Jofre Carnicer, Pedro Jordano, Carlos J. Melián",3,2009,2009-07-01,Ecology,Wiley,article,True,https://doi.org/10.1890/07-1939.1,https://doi.org/10.1890/07-1939.1,https://onlinelibrary.wiley.com/doi/pdfdirect/10.1890/07-1939.1,https://openalex.org/W2109709798,https://pubmed.ncbi.nlm.nih.gov/19694143,170
Isolation and characterization of 13 microsatellite loci for Neochamaelea pulverulenta (Cneoraceae),"Cristina Rigueiro, Juan Arroyo, Alfredo Valido et al.",4,2009,2009-05-04,Molecular Ecology Resources,Wiley,article,False,https://doi.org/10.1111/j.1755-0998.2009.02701.x,https://doi.org/10.1111/j.1755-0998.2009.02701.x,,https://openalex.org/W2122361825,https://pubmed.ncbi.nlm.nih.gov/21564943,5
Isolation and characterization of 12 microsatellite loci forRhamnus alaternus(Rhamnaceae),"Juan Arroyo, Rocío Rodríguez‐Arcos, Cristina Rigueiro et al.",5,2009,2009-03-20,Molecular Ecology Resources,Wiley,article,True,https://doi.org/10.1111/j.1755-0998.2009.02657.x,https://doi.org/10.1111/j.1755-0998.2009.02657.x,http://hdl.handle.net/10261/38386,https://openalex.org/W2018815662,https://pubmed.ncbi.nlm.nih.gov/21564881,4
Ecología y genes,Pedro Jordano,1,2009,2009-02-02,Revista Ecosistemas,,article,False,,,,https://openalex.org/W3134572316,,0
Isolation and characterization of 16 polymorphic microsatellite loci for Frangula alnus (Rhamnaceae),"Cristina Rigueiro, Juan Arroyo, Rocío Rodríguez‐Arcos et al.",5,2009,2009-01-22,Molecular Ecology Resources,Wiley,article,True,https://doi.org/10.1111/j.1755-0998.2009.02527.x,https://doi.org/10.1111/j.1755-0998.2009.02527.x,http://hdl.handle.net/10261/38390,https://openalex.org/W2028251924,https://pubmed.ncbi.nlm.nih.gov/21564814,4
Redes complejas de interacciones planta-animal,"Pedro Jordano, Diego Ezequiel Vázquez, Jordi Bascompte",3,2009,2009-01-01,DIGITAL.CSIC (Spanish National Research Council (CSIC)),Consejo Superior de Investigaciones Científicas,book-chapter,True,,,http://hdl.handle.net/10261/40617,https://openalex.org/W1623546747,,11
A General Framework for Analyzing Sustainability of Social-Ecological Systems,"Charles Darwin, John Murray, Jane E. Cohen et al.",18,2009,2009-01-01,,,article,False,,,,https://openalex.org/W2336285099,,0
Diversity in a complex ecological network with two interaction types,"Carlos J. Melián, Jordi Bascompte, Pedro Jordano et al.",4,2008,2008-11-06,Oikos,Wiley,article,True,https://doi.org/10.1111/j.1600-0706.2008.16751.x,https://doi.org/10.1111/j.1600-0706.2008.16751.x,https://onlinelibrary.wiley.com/doi/pdfdirect/10.1111/j.1600-0706.2008.16751.x,https://openalex.org/W2144199228,,239
A neutral‐niche theory of nestedness in mutualistic networks,"Abhay Krishna, Paulo R. Guimarães, Pedro Jordano et al.",4,2008,2008-10-28,Oikos,Wiley,article,True,https://doi.org/10.1111/j.1600-0706.2008.16540.x,https://doi.org/10.1111/j.1600-0706.2008.16540.x,http://hdl.handle.net/10261/38396,https://openalex.org/W2009996112,,228
Redes mutualistas de especies,"Jordi Bascompte, Pedro Jordano",2,2008,2008-09-01,DIGITAL.CSIC (Spanish National Research Council (CSIC)),Consejo Superior de Investigaciones Científicas,article,True,,,http://hdl.handle.net/10261/38401,https://openalex.org/W1489764016,,18
Spatio‐temporal dynamics and local hotspots of initial recruitment in vertebrate‐dispersed trees,"Arndt Hampe, Juan Luis García‐Castaño, Eugene W. Schupp et al.",4,2008,2008-06-10,Journal of Ecology,Wiley,article,True,https://doi.org/10.1111/j.1365-2745.2008.01364.x,https://doi.org/10.1111/j.1365-2745.2008.01364.x,http://hdl.handle.net/10261/38407,https://openalex.org/W2165908687,,58
TEMPORAL DYNAMICS IN A POLLINATION NETWORK,"Jens M. Olesen, Jordi Bascompte, Heidi Elberling et al.",4,2008,2008-05-30,Ecology,Wiley,article,True,https://doi.org/10.1890/07-0451.1,https://doi.org/10.1890/07-0451.1,http://hdl.handle.net/10261/38399,https://openalex.org/W2102196187,https://pubmed.ncbi.nlm.nih.gov/18589522,527
"Switching behavior, coexistence and diversification: comparing empirical community‐wide evidence with theoretical predictions","Jofre Carnicer, Peter A. Abrams, Pedro Jordano",3,2008,2008-04-28,Ecology Letters,Wiley,article,True,https://doi.org/10.1111/j.1461-0248.2008.01195.x,https://doi.org/10.1111/j.1461-0248.2008.01195.x,http://hdl.handle.net/10261/38403,https://openalex.org/W2139969991,https://pubmed.ncbi.nlm.nih.gov/18445033,51
Vertebrate dispersal syndromes along the Atlantic forest: broad‐scale patterns and macroecological correlates,"Mário Almeida‐Neto, Flávia Campassi, Mauro Galetti et al.",5,2008,2008-03-13,Global Ecology and Biogeography,Wiley,article,True,https://doi.org/10.1111/j.1466-8238.2008.00386.x,https://doi.org/10.1111/j.1466-8238.2008.00386.x,http://hdl.handle.net/10261/38415,https://openalex.org/W2108663069,,183
Seed Dispersal Anachronisms: Rethinking the Fruits Extinct Megafauna Ate,"Paulo R. Guimarães, Mauro Galetti, Pedro Jordano",3,2008,2008-03-04,PLoS ONE,Public Library of Science,article,True,https://doi.org/10.1371/journal.pone.0001745,https://doi.org/10.1371/journal.pone.0001745,https://journals.plos.org/plosone/article/file?id=10.1371/journal.pone.0001745&type=printable,https://openalex.org/W2014322534,https://pubmed.ncbi.nlm.nih.gov/18320062,434
The modularity of pollination networks,"Jens M. Olesen, Jordi Bascompte, Yoko Luise Dupont et al.",4,2007,2007-12-04,Proceedings of the National Academy of Sciences,National Academy of Sciences,article,True,https://doi.org/10.1073/pnas.0706375104,https://doi.org/10.1073/pnas.0706375104,https://www.ncbi.nlm.nih.gov/pmc/articles/2148393,https://openalex.org/W2070304262,https://pubmed.ncbi.nlm.nih.gov/18056808,2698
Plant-Animal Mutualistic Networks: The Architecture of Biodiversity,"Jordi Bascompte, Pedro Jordano",2,2007,2007-12-01,Annual Review of Ecology Evolution and Systematics,Annual Reviews,review,True,https://doi.org/10.1146/annurev.ecolsys.38.091206.095818,https://doi.org/10.1146/annurev.ecolsys.38.091206.095818,http://hdl.handle.net/10261/38462,https://openalex.org/W2113618723,,1747
Effects of phenotypic complementarity and phylogeny on the nested structure of mutualistic networks,"Enrico L. Rezende, Pedro Jordano, Jordi Bascompte",3,2007,2007-11-01,Oikos,Wiley,article,False,https://doi.org/10.1111/j.0030-1299.2007.16029.x,https://doi.org/10.1111/j.0030-1299.2007.16029.x,,https://openalex.org/W1965863613,,168
Build-up mechanisms determining the topology of mutualistic networks,"Paulo R. Guimarães, Glauco Machado, Marcus A. M. de Aguiar et al.",7,2007,2007-08-20,Journal of Theoretical Biology,Elsevier BV,article,True,https://doi.org/10.1016/j.jtbi.2007.08.004,https://doi.org/10.1016/j.jtbi.2007.08.004,http://hdl.handle.net/10261/38512,https://openalex.org/W1969063420,https://pubmed.ncbi.nlm.nih.gov/17889903,47
Non-random coextinctions in phylogenetically structured mutualistic networks,"Enrico L. Rezende, Jessica E. Lavabre, Paulo R. Guimarães et al.",5,2007,2007-08-01,Nature,Nature Portfolio,article,True,https://doi.org/10.1038/nature05956,https://doi.org/10.1038/nature05956,http://hdl.handle.net/10261/38513,https://openalex.org/W2121045435,https://pubmed.ncbi.nlm.nih.gov/17713534,578
Community‐based processes behind species richness gradients: contrasting abundance–extinction dynamics and sampling effects in areas of low and high productivity,"Jofre Carnicer, Lluís Brotons, Daniel Sol et al.",4,2007,2007-05-15,Global Ecology and Biogeography,Wiley,article,True,https://doi.org/10.1111/j.1466-8238.2007.00324.x,https://doi.org/10.1111/j.1466-8238.2007.00324.x,http://hdl.handle.net/10261/38464,https://openalex.org/W2120026193,,32
Contemporary pollen and seed dispersal in a Prunus mahaleb population: patterns in distance and direction,"Cristina García, Pedro Jordano, José A. Godoy",3,2007,2007-04-13,Molecular Ecology,Wiley,article,True,https://doi.org/10.1111/j.1365-294x.2006.03126.x,https://doi.org/10.1111/j.1365-294x.2006.03126.x,http://hdl.handle.net/10261/38508,https://openalex.org/W2126988744,https://pubmed.ncbi.nlm.nih.gov/17444903,133
Can Population Genetic Structure Be Predicted from Life‐History Traits?,"Jérôme Duminil, Silvia Fineschi, Arndt Hampe et al.",7,2007,2007-04-06,The American Naturalist,University of Chicago Press,article,True,https://doi.org/10.1086/513490,https://doi.org/10.1086/513490,http://hdl.handle.net/10261/38468,https://openalex.org/W2102695206,https://pubmed.ncbi.nlm.nih.gov/17427136,267
Differential contribution of frugivores to complex seed dispersal patterns,"Pedro Jordano, Cristina García, José A. Godoy et al.",4,2007,2007-02-21,Proceedings of the National Academy of Sciences,National Academy of Sciences,article,True,https://doi.org/10.1073/pnas.0606793104,https://doi.org/10.1073/pnas.0606793104,https://idus.us.es/handle/11441/50439,https://openalex.org/W2131707414,https://pubmed.ncbi.nlm.nih.gov/17360638,725
Modelling seed dispersal to predict seedling recruitment: Recolonization dynamics in a plantation forest,"Fabrice Sagnard, Christian Pichot, Philippe Dreyfus et al.",5,2007,2007-01-25,Ecological Modelling,Elsevier BV,article,False,https://doi.org/10.1016/j.ecolmodel.2006.12.008,https://doi.org/10.1016/j.ecolmodel.2006.12.008,,https://openalex.org/W2159511330,,85
"Living in the land of ghosts: fruit traits and the importance of large mammals as seed dispersers in the Pantanal, Brazil.","Camila I. Donatti, Mauro Galetti, Marco Aurélio Pizo et al.",5,2007,2007-01-01,CABI eBooks,,book-chapter,True,https://doi.org/10.1079/9781845931650.0104,https://doi.org/10.1079/9781845931650.0104,http://hdl.handle.net/11449/227373,https://openalex.org/W1485096388,,62
An empirical approach to analysing the demographic consequences of seed dispersal by frugivores.,"Héctor Godínez–Álvarez, Pedro Jordano",2,2007,2007-01-01,CABI eBooks,,book-chapter,True,https://doi.org/10.1079/9781845931650.0391,https://doi.org/10.1079/9781845931650.0391,http://hdl.handle.net/10261/38516,https://openalex.org/W1577901424,,34
"Frugivores, seeds and genes: analysing the key elements of seed shadows.",Pedro Jordano,1,2007,2007-01-01,CABI eBooks,,book-chapter,True,https://doi.org/10.1079/9781845931650.0229,https://doi.org/10.1079/9781845931650.0229,http://hdl.handle.net/10261/38467,https://openalex.org/W1565947062,,28
Seed dispersal by frugivores: An empirical approach to analyze their demographic consequences,"Héctor Hugo Ulloa Godínez, Pedro Jordano",2,2007,2007-01-01,DIGITAL.CSIC (Spanish National Research Council (CSIC)),Consejo Superior de Investigaciones Científicas,book-chapter,False,,,,https://openalex.org/W299787290,,3
"Doñana, diversidad y ciencia","Regla Alonso Miura, Fernando Toro Álvarez, Juan Luís Arsuaga et al.",28,2007,2007-01-01,,,article,False,,,,https://openalex.org/W2885659,,1
"Response to Comment on ""Asymmetric Coevolutionary Networks Facilitate Biodiversity Maintenance""","Jordi Bascompte, Pedro Jordano, Jens M. Olesen",3,2006,2006-09-28,Science,American Association for the Advancement of Science,article,False,https://doi.org/10.1126/science.1129628,https://doi.org/10.1126/science.1129628,,https://openalex.org/W2115760600,,23
Spatial variation of post-dispersal seed removal by rodents in highland microhabitats of Spain and Switzerland,"Juan Luis García‐Castaño, Johannes Kollmann, Pedro Jordano",3,2006,2006-09-01,Seed Science Research,Cambridge University Press,article,True,https://doi.org/10.1079/ssr2006245,https://doi.org/10.1079/ssr2006245,https://curis.ku.dk/ws/files/10761741/Garcia-Castano_et_al._2006__pre-print_.pdf,https://openalex.org/W2163313664,,28
Seed survival and dispersal of an endemic Atlantic forest palm: the combined effects of defaunation and forest fragmentation,"Mauro Galetti, Camila I. Donatti, Alexandra S. Pires et al.",5,2006,2006-05-01,Botanical Journal of the Linnean Society,Oxford University Press,article,True,https://doi.org/10.1111/j.1095-8339.2006.00529.x,https://doi.org/10.1111/j.1095-8339.2006.00529.x,https://academic.oup.com/botlinnean/article-pdf/151/1/141/17031911/j.1095-8339.2006.00529.x.pdf,https://openalex.org/W2117876669,,266
Asymmetric Coevolutionary Networks Facilitate Biodiversity Maintenance,"Jordi Bascompte, Pedro Jordano, Jens M. Olesen",3,2006,2006-04-21,Science,American Association for the Advancement of Science,article,True,https://doi.org/10.1126/science.1123412,https://doi.org/10.1126/science.1123412,https://doi.org/10.5281/zenodo.19670114,https://openalex.org/W2140664585,https://pubmed.ncbi.nlm.nih.gov/16627742,1313
Structure in plant–animal interaction assemblages,"Thomas M. Lewinsohn, Paulo Inácio Prado, Pedro Jordano et al.",5,2006,2006-02-17,Oikos,Wiley,article,True,https://doi.org/10.1111/j.0030-1299.2006.14583.x,https://doi.org/10.1111/j.0030-1299.2006.14583.x,http://hdl.handle.net/10261/40471,https://openalex.org/W2116643531,,514
The ecological consequences of complex topology and nested structure in pollination webs.,"Pedro Jordano, Jordi Bascompte, Jens M. Olesen",3,2006,2006-01-01,DIGITAL.CSIC (Spanish National Research Council (CSIC)),Consejo Superior de Investigaciones Científicas,book-chapter,True,,,http://hdl.handle.net/10261/40592,https://openalex.org/W1540154925,,147
Ligando Frugivoria e Dispersão de Sementes à Biologia da Conservação,"Pedro Jordano, Mauro Galetti, Pizo et al.",4,2006,2006-01-01,DIGITAL.CSIC (Spanish National Research Council (CSIC)),Consejo Superior de Investigaciones Científicas,book-chapter,True,,,http://hdl.handle.net/10261/40575,https://openalex.org/W152010290,,64
The smallest of all worlds: Pollination networks,"Jens M. Olesen, Jordi Bascompte, Yoko Luise Dupont et al.",4,2005,2005-11-08,Journal of Theoretical Biology,Elsevier BV,article,True,https://doi.org/10.1016/j.jtbi.2005.09.014,https://doi.org/10.1016/j.jtbi.2005.09.014,http://hdl.handle.net/10261/40459,https://openalex.org/W2023799137,https://pubmed.ncbi.nlm.nih.gov/16274698,166
Interaction frequency as a surrogate for the total effect of animal mutualists on plants,"Diego P. Vázquez, William F. Morris, Pedro Jordano",3,2005,2005-09-08,Ecology Letters,Wiley,article,True,https://doi.org/10.1111/j.1461-0248.2005.00810.x,https://doi.org/10.1111/j.1461-0248.2005.00810.x,http://hdl.handle.net/10261/40567,https://openalex.org/W2097282068,,607
"Size-based fruit selection of Calophyllum brasiliense (Clusiaceae) by bats of the genus Artibeus (Phyllostomidae) in a Restinga area, southeastern Brazil","Marco A. R. Mello, Natália Oliveira Leiner, Paulo R. Guimarães et al.",4,2005,2005-06-01,Acta Chiropterologica,Museum and Institute of Zoology,article,True,https://doi.org/10.3161/1733-5329(2005)7[179:sfsocb]2.0.co;2,https://doi.org/10.3161/1733-5329(2005)7[179:sfsocb]2.0.co;2,http://hdl.handle.net/10261/40568,https://openalex.org/W2175201082,,29
"Mating patterns, pollen dispersal, and the ecological maternal neighbourhood in a Prunus mahaleb L. population","Cristina García, J. M. ARROY, José A. Godoy et al.",4,2005,2005-04-12,Molecular Ecology,Wiley,article,True,https://doi.org/10.1111/j.1365-294x.2005.02542.x,https://doi.org/10.1111/j.1365-294x.2005.02542.x,http://hdl.handle.net/10261/40569,https://openalex.org/W2161215580,https://pubmed.ncbi.nlm.nih.gov/15836653,92
Spatial structure and dynamics in a marine food web,"Carlos J. Melián, Jordi Bascompte, Pedro Jordano",3,2005,2005-04-07,,,book-chapter,True,https://doi.org/10.1093/acprof:oso/9780198564836.003.0003,https://doi.org/10.1093/acprof:oso/9780198564836.003.0003,http://hdl.handle.net/10261/40607,https://openalex.org/W126296694,,9
Random initial condition in small Barabasi-Albert networks and deviations from the scale-free behavior,"Paulo R. Guimarães, Marcus A. M. de Aguiar, Jordi Bascompte et al.",5,2005,2005-03-18,Physical Review E,American Physical Society,article,True,https://doi.org/10.1103/physreve.71.037101,https://doi.org/10.1103/physreve.71.037101,http://repositorio.unicamp.br/jspui/handle/REPOSIP/196266,https://openalex.org/W2006489743,https://pubmed.ncbi.nlm.nih.gov/15903635,35
Initial Recruitment of Vertebrate-Dispersed Plants: Dissecting Spatial Patterns Through Time,"Eugene W. Schupp, Arndt Hampe, Juan Luis García‐Castaño et al.",4,2005,2005-01-01,Digital Commons - USU (Utah State University),Utah State University,article,False,,,,https://openalex.org/W107632162,,0
Spatial and Temporal Dynamics of Seed Rain and Seedling Emergence in Animal-Dispersed Species: Bridging Dispersal and Establishment,"Eugene W. Schupp, Arndt Hampe, Juan Luis García‐Castaño et al.",4,2005,2005-01-01,Digital Commons - USU (Utah State University),Utah State University,article,False,,,,https://openalex.org/W153752343,,0
Heterogeneidad ambiental y nicho de regeneración,"Teodoro Marañón, J. Julio Camarero, Jorge Castro Gutiérrez et al.",10,2004,2004-01-01,DIGITAL.CSIC (Spanish National Research Council (CSIC)),Consejo Superior de Investigaciones Científicas,book-chapter,True,,,http://hdl.handle.net/10261/40606,https://openalex.org/W999138928,,26
La distribución de las especies a diferentes escalas espacio-temporales,"Juan Arroyo, José S. Carrión, Arndt Hampe et al.",4,2004,2004-01-01,DIGITAL.CSIC (Spanish National Research Council (CSIC)),Consejo Superior de Investigaciones Científicas,book-chapter,True,,,http://hdl.handle.net/10261/40604,https://openalex.org/W1167039079,,22
Procesos de limitación demográfica,"Pedro Jordano, Fernando Pulido, Juan Arroyo Marín et al.",5,2004,2004-01-01,DIGITAL.CSIC (Spanish National Research Council (CSIC)),Consejo Superior de Investigaciones Científicas,book-chapter,True,,,http://hdl.handle.net/10261/40596,https://openalex.org/W231897530,,21
Rangewide phylogeography of a bird‐dispersed Eurasian shrub: contrasting Mediterranean and temperate glacial refugia,"Arndt Hampe, Juan Arroyo, Pedro Jordano et al.",4,2003,2003-10-28,Molecular Ecology,Wiley,article,True,https://doi.org/10.1046/j.1365-294x.2003.02006.x,https://doi.org/10.1046/j.1365-294x.2003.02006.x,http://hdl.handle.net/10261/42355,https://openalex.org/W2096296309,https://pubmed.ncbi.nlm.nih.gov/14629356,184
The nested assembly of plant–animal mutualistic networks,"Jordi Bascompte, Pedro Jordano, Carlos J. Melián et al.",4,2003,2003-07-24,Proceedings of the National Academy of Sciences,National Academy of Sciences,article,True,https://doi.org/10.1073/pnas.1633576100,https://doi.org/10.1073/pnas.1633576100,https://www.ncbi.nlm.nih.gov/pmc/articles/170927,https://openalex.org/W2168793216,https://pubmed.ncbi.nlm.nih.gov/12881488,2527
Invariant properties in coevolutionary networks of plant–animal interactions,"Pedro Jordano, Jordi Bascompte, Jens M. Olesen",3,2002,2002-12-13,Ecology Letters,Wiley,article,True,https://doi.org/10.1046/j.1461-0248.2003.00403.x,https://doi.org/10.1046/j.1461-0248.2003.00403.x,http://hdl.handle.net/10261/41710,https://openalex.org/W2096871615,,882
GEOGRAPHIC PATTERNS IN PLANT–POLLINATOR MUTUALISTIC NETWORKS,"Jens M. Olesen, Pedro Jordano",2,2002,2002-09-01,Ecology,Wiley,article,True,https://doi.org/10.1890/0012-9658(2002)083[2416:gpippm]2.0.co;2,https://doi.org/10.1890/0012-9658(2002)083[2416:gpippm]2.0.co;2,http://hdl.handle.net/10261/42356,https://openalex.org/W2165779374,,508
Frugivore-generated seed shadows: a landscape view of demographic and genetic effects.,"Pedro Jordano, José A. Godoy",2,2002,2002-01-01,CABI Publishing eBooks,,conference-paper,False,https://doi.org/10.1079/9780851995250.0305,https://doi.org/10.1079/9780851995250.0305,,https://openalex.org/W1556946856,,128
"Claves ecológicas para la restauración del bosque mediterráneo: aspectos demográficos, ecofisiológicos y genéticos","Pedro Jordano, Regino Zamora, Teodoro Marañón et al.",4,2002,2002-01-01,DIGITAL.CSIC (Spanish National Research Council (CSIC)),Consejo Superior de Investigaciones Científicas,article,True,https://doi.org/10.13039/501100000780,https://doi.org/10.13039/501100000780,http://hdl.handle.net/10261/81615,https://openalex.org/W2160758288,,8
Linajes de Córdoba en las capillas funerarias medievales de la Mezquita-Catedral,"Pedro Jordano, María Ángeles",2,2002,2002-01-01,,,article,False,,,,https://openalex.org/W2394616801,,0
Sesión necrológica en honor del Ilmo. Sr. D. Diego Jordano Barea: Intervención de D. Pedro Jordano Barbudo,Pedro Jordano,1,2002,2002-01-01,"Boletín de la Real Academia de Córdoba de Ciencias, Bellas Letras y Nobles Artes",,article,False,,,,https://openalex.org/W3165254375,,0
Seed dispersal by animals: exact identification of source trees with endocarp DNA microsatellites,"José A. Godoy, Pedro Jordano",2,2001,2001-09-01,Molecular Ecology,Wiley,article,True,https://doi.org/10.1046/j.0962-1083.2001.01342.x,https://doi.org/10.1046/j.0962-1083.2001.01342.x,http://hdl.handle.net/10261/42605,https://openalex.org/W2115943550,https://pubmed.ncbi.nlm.nih.gov/11555269,292
Ecological and demographic research in Mediterranean forests of Southern Spain: applications to conservation and restoration.,"Pedro Jordano, Regino Zamora, Teodoro Marañón et al.",4,2001,2001-01-01,DIGITAL.CSIC (Spanish National Research Council (CSIC)),Consejo Superior de Investigaciones Científicas,article,False,,,,https://openalex.org/W1006099515,,5
SEED DISPERSER EFFECTIVENESS: THE QUANTITY COMPONENT AND PATTERNS OF SEED RAIN FOR PRUNUS MAHALEB,"Pedro Jordano, Eugene W. Schupp",2,2000,2000-11-01,Ecological Monographs,Wiley,article,True,https://doi.org/10.1890/0012-9615(2000)070[0591:sdetqc]2.0.co;2,https://doi.org/10.1890/0012-9615(2000)070[0591:sdetqc]2.0.co;2,https://digital.csic.es/bitstream/10261/42613/1/JordSchu_2000EcolMonogr.pdf,https://openalex.org/W1987187051,,391
"RAPD variation and population genetic structure in Prunus mahaleb (Rosaceae), an animal‐dispersed tree","Pedro Jordano, José A. Godoy",2,2000,2000-09-01,Molecular Ecology,Wiley,article,True,https://doi.org/10.1046/j.1365-294x.2000.01009.x,https://doi.org/10.1046/j.1365-294x.2000.01009.x,http://hdl.handle.net/10261/42617,https://openalex.org/W2170533549,https://pubmed.ncbi.nlm.nih.gov/10972769,107
"Geographical variation in seed production, predation and abortion in Juniperus communis throughout its range in Europe","Daniel Garcı́a, Regino Zamora, José M. Gómez et al.",5,2000,2000-06-01,Journal of Ecology,Wiley,article,True,https://doi.org/10.1046/j.1365-2745.2000.00459.x,https://doi.org/10.1046/j.1365-2745.2000.00459.x,https://onlinelibrary.wiley.com/doi/pdfdirect/10.1046/j.1365-2745.2000.00459.x,https://openalex.org/W2005890648,,225
Fruits and frugivory.,Pedro Jordano,1,2000,2000-01-01,CABI Publishing eBooks,,book-chapter,True,https://doi.org/10.1079/9780851994321.0125,https://doi.org/10.1079/9780851994321.0125,http://hdl.handle.net/10261/42695,https://openalex.org/W1548825349,,850
Relative growth rate and biomass allocation in 20 Aegilops (Poaceae) species,"Rafael Villar, Erik J. Veneklaas, Pedro Jordano et al.",4,1998,1998-11-01,New Phytologist,Wiley,article,True,https://doi.org/10.1111/j.1469-8137.1998.00286.x,https://doi.org/10.1111/j.1469-8137.1998.00286.x,https://onlinelibrary.wiley.com/doi/pdfdirect/10.1111/j.1469-8137.1998.00286.x,https://openalex.org/W2081745218,https://pubmed.ncbi.nlm.nih.gov/33862869,71
Annual Variability in Seed Production by Woody Plants and the Masting Concept: Reassessment of Principles and Relationship to Pollination and Seed Dispersal,"Carlos M. Herrera, Pedro Jordano, Javier Guitián et al.",4,1998,1998-10-01,The American Naturalist,University of Chicago Press,article,True,https://doi.org/10.1086/286191,https://doi.org/10.1086/286191,https://digital.csic.es/bitstream/10261/42160/1/286191.pdf,https://openalex.org/W2157735227,https://pubmed.ncbi.nlm.nih.gov/18811365,441
"Frugivore‐Mediated Selection on Fruit and Seed Size: Birds and St. Lucie's Cherry, Prunus Mahaleb",Pedro Jordano,1,1995,1995-12-01,Ecology,Wiley,article,True,https://doi.org/10.2307/2265833,https://doi.org/10.2307/2265833,http://hdl.handle.net/10261/42642,https://openalex.org/W2002734223,,177
Angiosperm Fleshy Fruits and Seed Dispersers: A Comparative Analysis of Adaptation and Constraints in Plant-Animal Interactions,Pedro Jordano,1,1995,1995-02-01,The American Naturalist,University of Chicago Press,article,True,https://doi.org/10.1086/285735,https://doi.org/10.1086/285735,http://hdl.handle.net/10261/42645,https://openalex.org/W2095563661,,460
Shuffling the offspring: Uncoupling and spatial discordance of multiple stages in vertebrate seed dispersal,"Pedro Jordano, Carlos M. Herrera",2,1995,1995-01-01,Ecoscience,Taylor & Francis,article,True,https://doi.org/10.1080/11956860.1995.11682288,https://doi.org/10.1080/11956860.1995.11682288,http://hdl.handle.net/10261/42308,https://openalex.org/W150323889,,235
Spatial and Temporal Variation in the Avian-Frugivore Assemblage of Prunus mahaleb: Patterns and Consequences,Pedro Jordano,1,1994,1994-12-01,Oikos,Wiley,article,True,https://doi.org/10.2307/3545836,https://doi.org/10.2307/3545836,http://hdl.handle.net/10261/42647,https://openalex.org/W1985914011,,139
"Recruitment of a Mast‐Fruiting, Bird‐Dispersed Tree: Bridging Frugivore Activity and Seedling Establishment","Carlos M. Herrera, Pedro Jordano, Luis López‐Soria et al.",4,1994,1994-08-01,Ecological Monographs,Wiley,article,False,https://doi.org/10.2307/2937165,https://doi.org/10.2307/2937165,,https://openalex.org/W2105480206,,524
Pollination biology of Prunus mahaleb L.: deferred consequences of gender variation for fecundity and seed size,Pedro Jordano,1,1993,1993-09-01,Biological Journal of the Linnean Society,Oxford University Press,article,True,https://doi.org/10.1111/j.1095-8312.1993.tb00919.x,https://doi.org/10.1111/j.1095-8312.1993.tb00919.x,http://hdl.handle.net/10261/42654,https://openalex.org/W2105374023,,58
Geographical ecology and variation of plant-seed disperser interactions: southern Spanish junipers and frugivorous thrushes,Pedro Jordano,1,1993,1993-06-01,Vegetatio,Springer Science+Business Media,article,False,https://doi.org/10.1007/bf00052213,https://doi.org/10.1007/bf00052213,,https://openalex.org/W4295196793,,99
Gender Variation and Expression of Monoecy in Juniperus phoenicea (L.) (Cupressaceae),Pedro Jordano,1,1991,1991-12-01,Botanical Gazette,University of Chicago Press,article,True,https://doi.org/10.1086/337909,https://doi.org/10.1086/337909,http://hdl.handle.net/10261/42658,https://openalex.org/W2072785330,,36
Biología de la reproducción de tres especies del género lonicera (Caprifoliaceae)en la Sierra de Cazorla,Pedro Jordano,1,1990,1990-01-01,Dialnet (Universidad de la Rioja),Universidad Internacional de La Rioja,article,True,,,https://dialnet.unirioja.es/descarga/articulo/2953979.pdf,https://openalex.org/W1541688302,,17
Variación de la dieta frugívora otoño-invernal del Petirrojo (Erithacus rubecula): efectos sobre la condición corporal,Pedro Jordano,1,1989,1989-12-01,DIGITAL.CSIC (Spanish National Research Council (CSIC)),Consejo Superior de Investigaciones Científicas,article,True,,,http://hdl.handle.net/10261/42689,https://openalex.org/W969903211,,7
Pre-Dispersal Biology of Pistacia lentiscus (Anacardiaceae): Cumulative Effects on Seed Removal by Birds,Pedro Jordano,1,1989,1989-07-01,Oikos,Wiley,article,False,https://doi.org/10.2307/3565598,https://doi.org/10.2307/3565598,,https://openalex.org/W2013927416,,107
Polinización y variabilidad de la producción de semillas en Pistacia lentiscus L. (Anacardiaceae),Pedro Jordano,1,1988,1988-04-27,DIGITAL.CSIC (Spanish National Research Council (CSIC)),Consejo Superior de Investigaciones Científicas,article,True,,,http://hdl.handle.net/10261/42690,https://openalex.org/W2212179132,,22
Diet. Frugivory choice and variation in body condition of frugivorous warblers in mediterranea schrubland,Pedro Jordano,1,1988,1988-01-01,DIGITAL.CSIC (Spanish National Research Council (CSIC)),Consejo Superior de Investigaciones Científicas,article,True,,,http://hdl.handle.net/10261/42662,https://openalex.org/W1017876521,,1
"Avian Fruit Removal: Effects of Fruit Variation, Crop Size, and Insect Damage",Pedro Jordano,1,1987,1987-12-01,Ecology,Wiley,article,True,https://doi.org/10.2307/1939863,https://doi.org/10.2307/1939863,http://hdl.handle.net/10261/42665,https://openalex.org/W2027211213,https://pubmed.ncbi.nlm.nih.gov/29357140,202
Notas sobre la dieta no-insectívora de algunos Muscicapidae,Pedro Jordano,1,1987,1987-06-01,DIGITAL.CSIC (Spanish National Research Council (CSIC)),Consejo Superior de Investigaciones Científicas,article,True,,,http://hdl.handle.net/10261/45079,https://openalex.org/W2238016986,,19
"Patterns of Mutualistic Interactions in Pollination and Seed Dispersal: Connectance, Dependence Asymmetries, and Coevolution",Pedro Jordano,1,1987,1987-05-01,The American Naturalist,University of Chicago Press,article,True,https://doi.org/10.1086/284665,https://doi.org/10.1086/284665,http://hdl.handle.net/10261/42668,https://openalex.org/W2036159265,,829
"Frugivory, external morphology and digestive system in mediterranean sylviid warblers Sylvia spp",Pedro Jordano,1,1987,1987-01-01,Ibis,Wiley,article,True,https://doi.org/10.1111/j.1474-919x.1987.tb03199.x,https://doi.org/10.1111/j.1474-919x.1987.tb03199.x,https://onlinelibrary.wiley.com/doi/pdfdirect/10.1111/j.1474-919X.1987.tb03199.x,https://openalex.org/W2061943765,,119
El ciclo anual de los Paseriformes frugívoros en el matorral mediterráneo del sur de España: importancia de su invernada y variaciones interanuales,Pedro Jordano,1,1985,1985-06-01,DIGITAL.CSIC (Spanish National Research Council (CSIC)),Consejo Superior de Investigaciones Científicas,article,True,,,http://hdl.handle.net/10261/45077,https://openalex.org/W973156700,,58
Seed Weight Variation and Differential Avian Dispersal in Blackberries Rubus ulmifolius,Pedro Jordano,1,1984,1984-07-01,Oikos,Wiley,article,True,https://doi.org/10.2307/3544762,https://doi.org/10.2307/3544762,http://hdl.handle.net/10261/45055,https://openalex.org/W1966920241,,78
Fig-Seed Predation and Dispersal by Birds,Pedro Jordano,1,1983,1983-03-01,Biotropica,Wiley,article,True,https://doi.org/10.2307/2387996,https://doi.org/10.2307/2387996,http://hdl.handle.net/10261/45058,https://openalex.org/W2079606267,,87
Fig-seed predation and dispersal by birds [Ficus cotinifolia].,Pedro Jordano,1,1983,1983-01-01,Biotropica,Wiley,article,False,,,,https://openalex.org/W3216742129,,0
Migrant Birds Are the Main Seed Dispersers of Blackberries in Southern Spain,Pedro Jordano,1,1982,1982-03-01,Oikos,Wiley,article,True,https://doi.org/10.2307/3544018,https://doi.org/10.2307/3544018,http://hdl.handle.net/10261/45061,https://openalex.org/W966749764,,126
Relaciones interespecificas y coexistencia entre el Águila Real (Aquila chrysaetos) y el Águila Perdicera (Hieraaetus fasciatus) en sierra Morena central,Pedro Jordano,1,1981,1981-12-01,DIGITAL.CSIC (Spanish National Research Council (CSIC)),Consejo Superior de Investigaciones Científicas,article,True,,,http://hdl.handle.net/10261/45073,https://openalex.org/W1135670422,,20
Importancia de la estructura de la vegetación en la selección del hábitat para la nidificación en una comunidad de rapaces diurnas mediterráneas,"Pedro Jordano, J.A. Torres",2,1981,1981-12-01,DIGITAL.CSIC (Spanish National Research Council (CSIC)),Consejo Superior de Investigaciones Científicas,article,True,,,http://hdl.handle.net/10261/45074,https://openalex.org/W1040261058,,2
THE FRUGIVOROUS DET OF BLACKCAP POPULATIONS SYLVIA ATRICAPILLA WINTERING IN SOUTHERN SPAIN,"Pedro Jordano, Carlos M. Herrera",2,1981,1981-10-01,Ibis,Wiley,article,True,https://doi.org/10.1111/j.1474-919x.1981.tb04055.x,https://doi.org/10.1111/j.1474-919x.1981.tb04055.x,http://hdl.handle.net/10261/45064,https://openalex.org/W1993906437,,91
Prunus mahaleb and Birds: The High‐Efficiency Seed Dispersal System of a Temperate Fruiting Tree,"Carlos M. Herrera, Pedro Jordano",2,1981,1981-06-01,Ecological Monographs,Wiley,article,True,https://doi.org/10.2307/2937263,https://doi.org/10.2307/2937263,http://hdl.handle.net/10261/45070,https://openalex.org/W2030325236,,241
Alimentación y relaciones tróficas entre los paseriformes en paso otoñal por una localidad de Andalucía central,"Pedro Jordano, Diego de San Pedro",2,1981,1981-01-01,,,article,False,,,,https://openalex.org/W2768695288,,19
Doñana. Acta vertebrata. vol 5 (1/2),"Alfredo Salvador, Luis Felipe López‐Jurado, Pedro Jordano et al.",21,1978,1978-01-01,DIGITAL.CSIC (Spanish National Research Council (CSIC)),Consejo Superior de Investigaciones Científicas,article,False,,,,https://openalex.org/W2469545589,,0
